{
  "type": "FeatureCollection",
  "name": "Справочник маршрутов Воронежа — остановки",
  "features": [
    {
      "type": "Feature",
      "geometry": {
        "type": "Point",
        "coordinates": [
          39.1329119,
          51.6001068
        ]
      },
      "properties": {
        "name": "10-я остановка",
        "is_terminal": false,
        "routes": [
          "85",
          "с93"
        ],
        "route_count": 2
      }
    },
    {
      "type": "Feature",
      "geometry": {
        "type": "Point",
        "coordinates": [
          39.1330004,
          51.6000568
        ]
      },
      "properties": {
        "name": "10-я остановка",
        "is_terminal": false,
        "routes": [
          "85",
          "с93"
        ],
        "route_count": 2
      }
    },
    {
      "type": "Feature",
      "geometry": {
        "type": "Point",
        "coordinates": [
          39.1286606,
          51.5963464
        ]
      },
      "properties": {
        "name": "11-я остановка",
        "is_terminal": false,
        "routes": [
          "85",
          "с93"
        ],
        "route_count": 2
      }
    },
    {
      "type": "Feature",
      "geometry": {
        "type": "Point",
        "coordinates": [
          39.128741,
          51.5963247
        ]
      },
      "properties": {
        "name": "11-я остановка",
        "is_terminal": false,
        "routes": [
          "85",
          "с93"
        ],
        "route_count": 2
      }
    },
    {
      "type": "Feature",
      "geometry": {
        "type": "Point",
        "coordinates": [
          39.1241223,
          51.5924906
        ]
      },
      "properties": {
        "name": "12-я остановка",
        "is_terminal": false,
        "routes": [
          "85",
          "с93"
        ],
        "route_count": 2
      }
    },
    {
      "type": "Feature",
      "geometry": {
        "type": "Point",
        "coordinates": [
          39.1241454,
          51.5922919
        ]
      },
      "properties": {
        "name": "12-я остановка",
        "is_terminal": false,
        "routes": [
          "85",
          "с93"
        ],
        "route_count": 2
      }
    },
    {
      "type": "Feature",
      "geometry": {
        "type": "Point",
        "coordinates": [
          39.1673125,
          51.7124696
        ]
      },
      "properties": {
        "name": "17 квартал СЖР",
        "is_terminal": false,
        "routes": [
          "27",
          "37",
          "41",
          "44",
          "54",
          "74",
          "82",
          "97",
          "99"
        ],
        "route_count": 9
      }
    },
    {
      "type": "Feature",
      "geometry": {
        "type": "Point",
        "coordinates": [
          39.1681883,
          51.7122793
        ]
      },
      "properties": {
        "name": "17 квартал СЖР",
        "is_terminal": false,
        "routes": [
          "37",
          "41",
          "44",
          "74",
          "97",
          "99"
        ],
        "route_count": 6
      }
    },
    {
      "type": "Feature",
      "geometry": {
        "type": "Point",
        "coordinates": [
          39.1754812,
          51.5942909
        ]
      },
      "properties": {
        "name": "2-я остановка",
        "is_terminal": false,
        "routes": [
          "с76"
        ],
        "route_count": 1
      }
    },
    {
      "type": "Feature",
      "geometry": {
        "type": "Point",
        "coordinates": [
          39.168207,
          51.5985057
        ]
      },
      "properties": {
        "name": "3-я остановка",
        "is_terminal": false,
        "routes": [
          "с76"
        ],
        "route_count": 1
      }
    },
    {
      "type": "Feature",
      "geometry": {
        "type": "Point",
        "coordinates": [
          39.1684511,
          51.5982808
        ]
      },
      "properties": {
        "name": "3-я остановка",
        "is_terminal": false,
        "routes": [
          "с76"
        ],
        "route_count": 1
      }
    },
    {
      "type": "Feature",
      "geometry": {
        "type": "Point",
        "coordinates": [
          39.1629427,
          51.6014792
        ]
      },
      "properties": {
        "name": "4-я остановка",
        "is_terminal": false,
        "routes": [
          "с76"
        ],
        "route_count": 1
      }
    },
    {
      "type": "Feature",
      "geometry": {
        "type": "Point",
        "coordinates": [
          39.1629574,
          51.6013647
        ]
      },
      "properties": {
        "name": "4-я остановка",
        "is_terminal": false,
        "routes": [
          "с76"
        ],
        "route_count": 1
      }
    },
    {
      "type": "Feature",
      "geometry": {
        "type": "Point",
        "coordinates": [
          39.1613916,
          51.5902211
        ]
      },
      "properties": {
        "name": "5-я остановка",
        "is_terminal": false,
        "routes": [
          "85",
          "с93"
        ],
        "route_count": 2
      }
    },
    {
      "type": "Feature",
      "geometry": {
        "type": "Point",
        "coordinates": [
          39.1612145,
          51.5902427
        ]
      },
      "properties": {
        "name": "5-я остановка",
        "is_terminal": false,
        "routes": [
          "85",
          "с93"
        ],
        "route_count": 2
      }
    },
    {
      "type": "Feature",
      "geometry": {
        "type": "Point",
        "coordinates": [
          39.1576365,
          51.6044066
        ]
      },
      "properties": {
        "name": "5-я остановка",
        "is_terminal": false,
        "routes": [
          "с76"
        ],
        "route_count": 1
      }
    },
    {
      "type": "Feature",
      "geometry": {
        "type": "Point",
        "coordinates": [
          39.1576123,
          51.604385
        ]
      },
      "properties": {
        "name": "5-я остановка",
        "is_terminal": false,
        "routes": [
          "с76"
        ],
        "route_count": 1
      }
    },
    {
      "type": "Feature",
      "geometry": {
        "type": "Point",
        "coordinates": [
          39.155724,
          51.5933655
        ]
      },
      "properties": {
        "name": "6-я остановка",
        "is_terminal": false,
        "routes": [
          "85",
          "с93"
        ],
        "route_count": 2
      }
    },
    {
      "type": "Feature",
      "geometry": {
        "type": "Point",
        "coordinates": [
          39.1562873,
          51.5929755
        ]
      },
      "properties": {
        "name": "6-я остановка",
        "is_terminal": false,
        "routes": [
          "85",
          "с93"
        ],
        "route_count": 2
      }
    },
    {
      "type": "Feature",
      "geometry": {
        "type": "Point",
        "coordinates": [
          39.1505232,
          51.5963047
        ]
      },
      "properties": {
        "name": "7-я остановка",
        "is_terminal": false,
        "routes": [
          "85",
          "с93"
        ],
        "route_count": 2
      }
    },
    {
      "type": "Feature",
      "geometry": {
        "type": "Point",
        "coordinates": [
          39.1504133,
          51.5963014
        ]
      },
      "properties": {
        "name": "7-я остановка",
        "is_terminal": false,
        "routes": [
          "85",
          "с93"
        ],
        "route_count": 2
      }
    },
    {
      "type": "Feature",
      "geometry": {
        "type": "Point",
        "coordinates": [
          39.1451588,
          51.5993704
        ]
      },
      "properties": {
        "name": "8-я остановка",
        "is_terminal": false,
        "routes": [
          "85",
          "с93"
        ],
        "route_count": 2
      }
    },
    {
      "type": "Feature",
      "geometry": {
        "type": "Point",
        "coordinates": [
          39.1451052,
          51.5993271
        ]
      },
      "properties": {
        "name": "8-я остановка",
        "is_terminal": false,
        "routes": [
          "85",
          "с93"
        ],
        "route_count": 2
      }
    },
    {
      "type": "Feature",
      "geometry": {
        "type": "Point",
        "coordinates": [
          39.1372356,
          51.6037319
        ]
      },
      "properties": {
        "name": "9-я остановка",
        "is_terminal": false,
        "routes": [
          "85",
          "с93"
        ],
        "route_count": 2
      }
    },
    {
      "type": "Feature",
      "geometry": {
        "type": "Point",
        "coordinates": [
          39.1375628,
          51.6035937
        ]
      },
      "properties": {
        "name": "9-я остановка",
        "is_terminal": false,
        "routes": [
          "85",
          "с93"
        ],
        "route_count": 2
      }
    },
    {
      "type": "Feature",
      "geometry": {
        "type": "Point",
        "coordinates": [
          39.1086629,
          51.6476608
        ]
      },
      "properties": {
        "name": "АвтоВАЗ",
        "is_terminal": false,
        "routes": [
          "6"
        ],
        "route_count": 1
      }
    },
    {
      "type": "Feature",
      "geometry": {
        "type": "Point",
        "coordinates": [
          39.1093183,
          51.647415
        ]
      },
      "properties": {
        "name": "АвтоВАЗ",
        "is_terminal": false,
        "routes": [
          "6"
        ],
        "route_count": 1
      }
    },
    {
      "type": "Feature",
      "geometry": {
        "type": "Point",
        "coordinates": [
          39.1765139,
          51.6249101
        ]
      },
      "properties": {
        "name": "Автоколонна № 1149",
        "is_terminal": false,
        "routes": [
          "21",
          "24",
          "51",
          "83",
          "85",
          "92",
          "с76",
          "с93"
        ],
        "route_count": 8
      }
    },
    {
      "type": "Feature",
      "geometry": {
        "type": "Point",
        "coordinates": [
          39.1763368,
          51.6246929
        ]
      },
      "properties": {
        "name": "Автоколонна № 1149",
        "is_terminal": false,
        "routes": [
          "21",
          "23",
          "51",
          "83",
          "85",
          "92",
          "с76",
          "с93"
        ],
        "route_count": 8
      }
    },
    {
      "type": "Feature",
      "geometry": {
        "type": "Point",
        "coordinates": [
          39.2912909,
          51.7065968
        ]
      },
      "properties": {
        "name": "Автопредприятие",
        "is_terminal": false,
        "routes": [
          "47"
        ],
        "route_count": 1
      }
    },
    {
      "type": "Feature",
      "geometry": {
        "type": "Point",
        "coordinates": [
          39.291417,
          51.7063242
        ]
      },
      "properties": {
        "name": "Автопредприятие",
        "is_terminal": false,
        "routes": [
          "47"
        ],
        "route_count": 1
      }
    },
    {
      "type": "Feature",
      "geometry": {
        "type": "Point",
        "coordinates": [
          39.1346714,
          51.702413
        ]
      },
      "properties": {
        "name": "Авторынок",
        "is_terminal": false,
        "routes": [
          "15",
          "54",
          "57",
          "58",
          "82"
        ],
        "route_count": 5
      }
    },
    {
      "type": "Feature",
      "geometry": {
        "type": "Point",
        "coordinates": [
          39.1362271,
          51.7046238
        ]
      },
      "properties": {
        "name": "Авторынок",
        "is_terminal": false,
        "routes": [
          "40",
          "82"
        ],
        "route_count": 2
      }
    },
    {
      "type": "Feature",
      "geometry": {
        "type": "Point",
        "coordinates": [
          39.2277038,
          51.7146672
        ]
      },
      "properties": {
        "name": "Аграрный университет",
        "is_terminal": false,
        "routes": [
          "16",
          "3",
          "47",
          "50",
          "71",
          "9"
        ],
        "route_count": 6
      }
    },
    {
      "type": "Feature",
      "geometry": {
        "type": "Point",
        "coordinates": [
          39.3237108,
          51.6884776
        ]
      },
      "properties": {
        "name": "Администрация",
        "is_terminal": false,
        "routes": [
          "59"
        ],
        "route_count": 1
      }
    },
    {
      "type": "Feature",
      "geometry": {
        "type": "Point",
        "coordinates": [
          39.323861,
          51.6884909
        ]
      },
      "properties": {
        "name": "Администрация",
        "is_terminal": false,
        "routes": [
          "59"
        ],
        "route_count": 1
      }
    },
    {
      "type": "Feature",
      "geometry": {
        "type": "Point",
        "coordinates": [
          39.2128283,
          51.6563908
        ]
      },
      "properties": {
        "name": "Адмиралтейская площадь",
        "is_terminal": true,
        "routes": [
          "30"
        ],
        "route_count": 1
      }
    },
    {
      "type": "Feature",
      "geometry": {
        "type": "Point",
        "coordinates": [
          39.1622713,
          51.6714423
        ]
      },
      "properties": {
        "name": "Аптека",
        "is_terminal": false,
        "routes": [
          "58",
          "60",
          "8",
          "с76"
        ],
        "route_count": 4
      }
    },
    {
      "type": "Feature",
      "geometry": {
        "type": "Point",
        "coordinates": [
          39.1620809,
          51.6709999
        ]
      },
      "properties": {
        "name": "Аптека",
        "is_terminal": false,
        "routes": [
          "57",
          "58",
          "60",
          "66",
          "8",
          "с76"
        ],
        "route_count": 6
      }
    },
    {
      "type": "Feature",
      "geometry": {
        "type": "Point",
        "coordinates": [
          39.15307,
          51.649588
        ]
      },
      "properties": {
        "name": "Аптека",
        "is_terminal": false,
        "routes": [
          "12",
          "20",
          "23",
          "52",
          "54",
          "70",
          "72",
          "88"
        ],
        "route_count": 8
      }
    },
    {
      "type": "Feature",
      "geometry": {
        "type": "Point",
        "coordinates": [
          39.1528085,
          51.6500523
        ]
      },
      "properties": {
        "name": "Аптека",
        "is_terminal": false,
        "routes": [
          "20",
          "24",
          "52",
          "70",
          "88"
        ],
        "route_count": 5
      }
    },
    {
      "type": "Feature",
      "geometry": {
        "type": "Point",
        "coordinates": [
          39.1599137,
          51.670772
        ]
      },
      "properties": {
        "name": "Аптека",
        "is_terminal": false,
        "routes": [
          "54",
          "61"
        ],
        "route_count": 2
      }
    },
    {
      "type": "Feature",
      "geometry": {
        "type": "Point",
        "coordinates": [
          39.2436442,
          51.6552626
        ]
      },
      "properties": {
        "name": "Арзамасская улица",
        "is_terminal": false,
        "routes": [
          "13",
          "14",
          "16",
          "1кс",
          "20",
          "22",
          "234 (Воронеж - Солнечный)",
          "36",
          "65",
          "72",
          "97"
        ],
        "route_count": 11
      }
    },
    {
      "type": "Feature",
      "geometry": {
        "type": "Point",
        "coordinates": [
          39.2444032,
          51.6560996
        ]
      },
      "properties": {
        "name": "Арзамасская улица",
        "is_terminal": false,
        "routes": [
          "13",
          "14",
          "16",
          "1кв",
          "20",
          "22",
          "36",
          "65",
          "72",
          "97"
        ],
        "route_count": 10
      }
    },
    {
      "type": "Feature",
      "geometry": {
        "type": "Point",
        "coordinates": [
          39.1493297,
          51.6595539
        ]
      },
      "properties": {
        "name": "Ателье «Берёзка»",
        "is_terminal": false,
        "routes": [
          "10",
          "33",
          "36",
          "77"
        ],
        "route_count": 4
      }
    },
    {
      "type": "Feature",
      "geometry": {
        "type": "Point",
        "coordinates": [
          39.1482058,
          51.6593759
        ]
      },
      "properties": {
        "name": "Ателье «Берёзка»",
        "is_terminal": false,
        "routes": [
          "10",
          "33",
          "36",
          "77"
        ],
        "route_count": 4
      }
    },
    {
      "type": "Feature",
      "geometry": {
        "type": "Point",
        "coordinates": [
          39.1336522,
          51.6459298
        ]
      },
      "properties": {
        "name": "БСМП № 1",
        "is_terminal": false,
        "routes": [
          "27",
          "55",
          "6",
          "80",
          "81",
          "87"
        ],
        "route_count": 6
      }
    },
    {
      "type": "Feature",
      "geometry": {
        "type": "Point",
        "coordinates": [
          39.1336812,
          51.6454622
        ]
      },
      "properties": {
        "name": "БСМП № 1",
        "is_terminal": false,
        "routes": [
          "27",
          "55",
          "6",
          "80",
          "81",
          "87"
        ],
        "route_count": 6
      }
    },
    {
      "type": "Feature",
      "geometry": {
        "type": "Point",
        "coordinates": [
          39.2920285,
          51.7094024
        ]
      },
      "properties": {
        "name": "База",
        "is_terminal": false,
        "routes": [
          "47"
        ],
        "route_count": 1
      }
    },
    {
      "type": "Feature",
      "geometry": {
        "type": "Point",
        "coordinates": [
          39.2923665,
          51.7101387
        ]
      },
      "properties": {
        "name": "База",
        "is_terminal": false,
        "routes": [
          "47"
        ],
        "route_count": 1
      }
    },
    {
      "type": "Feature",
      "geometry": {
        "type": "Point",
        "coordinates": [
          39.1656026,
          51.6778427
        ]
      },
      "properties": {
        "name": "База",
        "is_terminal": false,
        "routes": [
          "57",
          "66"
        ],
        "route_count": 2
      }
    },
    {
      "type": "Feature",
      "geometry": {
        "type": "Point",
        "coordinates": [
          39.1600317,
          51.6637184
        ]
      },
      "properties": {
        "name": "База",
        "is_terminal": false,
        "routes": [
          "77"
        ],
        "route_count": 1
      }
    },
    {
      "type": "Feature",
      "geometry": {
        "type": "Point",
        "coordinates": [
          39.1595864,
          51.6637067
        ]
      },
      "properties": {
        "name": "База",
        "is_terminal": false,
        "routes": [
          "77"
        ],
        "route_count": 1
      }
    },
    {
      "type": "Feature",
      "geometry": {
        "type": "Point",
        "coordinates": [
          39.1580629,
          51.6411795
        ]
      },
      "properties": {
        "name": "База",
        "is_terminal": false,
        "routes": [
          "80",
          "85",
          "с76"
        ],
        "route_count": 3
      }
    },
    {
      "type": "Feature",
      "geometry": {
        "type": "Point",
        "coordinates": [
          39.1581863,
          51.6412627
        ]
      },
      "properties": {
        "name": "База",
        "is_terminal": false,
        "routes": [
          "80",
          "85",
          "с76"
        ],
        "route_count": 3
      }
    },
    {
      "type": "Feature",
      "geometry": {
        "type": "Point",
        "coordinates": [
          39.2861304,
          51.6572295
        ]
      },
      "properties": {
        "name": "Базовая улица",
        "is_terminal": false,
        "routes": [
          "13",
          "38",
          "63"
        ],
        "route_count": 3
      }
    },
    {
      "type": "Feature",
      "geometry": {
        "type": "Point",
        "coordinates": [
          39.264316,
          51.6374724
        ]
      },
      "properties": {
        "name": "Баррикадная улица",
        "is_terminal": false,
        "routes": [
          "36",
          "41",
          "43",
          "6",
          "65",
          "8"
        ],
        "route_count": 6
      }
    },
    {
      "type": "Feature",
      "geometry": {
        "type": "Point",
        "coordinates": [
          39.2644286,
          51.638676
        ]
      },
      "properties": {
        "name": "Баррикадная улица",
        "is_terminal": false,
        "routes": [
          "36",
          "41",
          "43",
          "6",
          "65",
          "8"
        ],
        "route_count": 6
      }
    },
    {
      "type": "Feature",
      "geometry": {
        "type": "Point",
        "coordinates": [
          39.1813646,
          51.6982089
        ]
      },
      "properties": {
        "name": "Беговая улица",
        "is_terminal": false,
        "routes": [
          "63"
        ],
        "route_count": 1
      }
    },
    {
      "type": "Feature",
      "geometry": {
        "type": "Point",
        "coordinates": [
          39.3546647,
          51.738339
        ]
      },
      "properties": {
        "name": "Белорусская улица",
        "is_terminal": false,
        "routes": [
          "с53"
        ],
        "route_count": 1
      }
    },
    {
      "type": "Feature",
      "geometry": {
        "type": "Point",
        "coordinates": [
          39.2324781,
          51.6997899
        ]
      },
      "properties": {
        "name": "Берёзовая Роща",
        "is_terminal": false,
        "routes": [
          "16",
          "3",
          "47",
          "50",
          "70",
          "71",
          "9"
        ],
        "route_count": 7
      }
    },
    {
      "type": "Feature",
      "geometry": {
        "type": "Point",
        "coordinates": [
          39.2319417,
          51.6992197
        ]
      },
      "properties": {
        "name": "Берёзовая Роща",
        "is_terminal": false,
        "routes": [
          "16",
          "234 (Воронеж - Солнечный)",
          "3",
          "47",
          "50",
          "70",
          "71",
          "9"
        ],
        "route_count": 8
      }
    },
    {
      "type": "Feature",
      "geometry": {
        "type": "Point",
        "coordinates": [
          39.2790467,
          51.7321399
        ]
      },
      "properties": {
        "name": "Больница",
        "is_terminal": false,
        "routes": [
          "10",
          "22",
          "52"
        ],
        "route_count": 3
      }
    },
    {
      "type": "Feature",
      "geometry": {
        "type": "Point",
        "coordinates": [
          39.2782947,
          51.7343386
        ]
      },
      "properties": {
        "name": "Больница",
        "is_terminal": false,
        "routes": [
          "43",
          "60"
        ],
        "route_count": 2
      }
    },
    {
      "type": "Feature",
      "geometry": {
        "type": "Point",
        "coordinates": [
          39.2785317,
          51.7344008
        ]
      },
      "properties": {
        "name": "Больница",
        "is_terminal": false,
        "routes": [
          "60"
        ],
        "route_count": 1
      }
    },
    {
      "type": "Feature",
      "geometry": {
        "type": "Point",
        "coordinates": [
          39.2868143,
          51.6856408
        ]
      },
      "properties": {
        "name": "Больница Электроника",
        "is_terminal": false,
        "routes": [
          "59",
          "с53"
        ],
        "route_count": 2
      }
    },
    {
      "type": "Feature",
      "geometry": {
        "type": "Point",
        "coordinates": [
          39.2846404,
          51.6850005
        ]
      },
      "properties": {
        "name": "Больница Электроника",
        "is_terminal": false,
        "routes": [
          "59",
          "72",
          "с53"
        ],
        "route_count": 3
      }
    },
    {
      "type": "Feature",
      "geometry": {
        "type": "Point",
        "coordinates": [
          39.2863396,
          51.6874451
        ]
      },
      "properties": {
        "name": "Больница Электроника",
        "is_terminal": true,
        "routes": [
          "72"
        ],
        "route_count": 1
      }
    },
    {
      "type": "Feature",
      "geometry": {
        "type": "Point",
        "coordinates": [
          39.2456076,
          51.5871256
        ]
      },
      "properties": {
        "name": "Больница № 8",
        "is_terminal": true,
        "routes": [
          "14",
          "26",
          "87"
        ],
        "route_count": 3
      }
    },
    {
      "type": "Feature",
      "geometry": {
        "type": "Point",
        "coordinates": [
          39.2480966,
          51.5873764
        ]
      },
      "properties": {
        "name": "Больница № 8",
        "is_terminal": false,
        "routes": [
          "14",
          "22",
          "26",
          "48",
          "79",
          "81",
          "87"
        ],
        "route_count": 7
      }
    },
    {
      "type": "Feature",
      "geometry": {
        "type": "Point",
        "coordinates": [
          39.2454332,
          51.5871898
        ]
      },
      "properties": {
        "name": "Больница № 8",
        "is_terminal": true,
        "routes": [
          "14",
          "26",
          "87"
        ],
        "route_count": 3
      }
    },
    {
      "type": "Feature",
      "geometry": {
        "type": "Point",
        "coordinates": [
          39.2478579,
          51.5865765
        ]
      },
      "properties": {
        "name": "Больница № 8",
        "is_terminal": false,
        "routes": [
          "22",
          "48",
          "79",
          "81"
        ],
        "route_count": 4
      }
    },
    {
      "type": "Feature",
      "geometry": {
        "type": "Point",
        "coordinates": [
          39.3262106,
          51.7094373
        ]
      },
      "properties": {
        "name": "Большая Заячья Поляна",
        "is_terminal": false,
        "routes": [
          "б/н (Школа № 100 - Малая Заячья Поляна)",
          "с53"
        ],
        "route_count": 2
      }
    },
    {
      "type": "Feature",
      "geometry": {
        "type": "Point",
        "coordinates": [
          39.3259799,
          51.7091116
        ]
      },
      "properties": {
        "name": "Большая Заячья Поляна",
        "is_terminal": false,
        "routes": [
          "б/н (Школа № 100 - Малая Заячья Поляна)",
          "с53"
        ],
        "route_count": 2
      }
    },
    {
      "type": "Feature",
      "geometry": {
        "type": "Point",
        "coordinates": [
          39.2117688,
          51.6501005
        ]
      },
      "properties": {
        "name": "Большая Стрелецкая улица",
        "is_terminal": false,
        "routes": [
          "30"
        ],
        "route_count": 1
      }
    },
    {
      "type": "Feature",
      "geometry": {
        "type": "Point",
        "coordinates": [
          39.2639217,
          51.7330818
        ]
      },
      "properties": {
        "name": "Братская улица",
        "is_terminal": false,
        "routes": [
          "10",
          "14",
          "22",
          "43",
          "52",
          "60",
          "88",
          "90"
        ],
        "route_count": 8
      }
    },
    {
      "type": "Feature",
      "geometry": {
        "type": "Point",
        "coordinates": [
          39.2640746,
          51.7330038
        ]
      },
      "properties": {
        "name": "Братская улица",
        "is_terminal": false,
        "routes": [
          "14",
          "43",
          "60",
          "88",
          "90"
        ],
        "route_count": 5
      }
    },
    {
      "type": "Feature",
      "geometry": {
        "type": "Point",
        "coordinates": [
          39.2107308,
          51.5094069
        ]
      },
      "properties": {
        "name": "Будённовское кладбище",
        "is_terminal": false,
        "routes": [
          "22"
        ],
        "route_count": 1
      }
    },
    {
      "type": "Feature",
      "geometry": {
        "type": "Point",
        "coordinates": [
          39.1805145,
          51.7097455
        ]
      },
      "properties": {
        "name": "Бульвар Победы",
        "is_terminal": false,
        "routes": [
          "16",
          "27",
          "3",
          "40",
          "47",
          "49",
          "51",
          "69",
          "80",
          "9",
          "94",
          "95",
          "б/н (ТД \"ЦДМ\" - Областная больница)"
        ],
        "route_count": 13
      }
    },
    {
      "type": "Feature",
      "geometry": {
        "type": "Point",
        "coordinates": [
          39.1812395,
          51.7096499
        ]
      },
      "properties": {
        "name": "Бульвар Победы",
        "is_terminal": true,
        "routes": [
          "16",
          "234 (Воронеж - Солнечный)",
          "27",
          "3",
          "40",
          "47",
          "49",
          "51",
          "69",
          "80",
          "9",
          "94",
          "б/н (ТД \"ЦДМ\" - Областная больница)"
        ],
        "route_count": 13
      }
    },
    {
      "type": "Feature",
      "geometry": {
        "type": "Point",
        "coordinates": [
          39.1520333,
          51.7110362
        ]
      },
      "properties": {
        "name": "Бульвар Победы",
        "is_terminal": false,
        "routes": [
          "15",
          "18",
          "37",
          "41",
          "5",
          "74",
          "97",
          "99"
        ],
        "route_count": 8
      }
    },
    {
      "type": "Feature",
      "geometry": {
        "type": "Point",
        "coordinates": [
          39.1514915,
          51.7106041
        ]
      },
      "properties": {
        "name": "Бульвар Победы",
        "is_terminal": false,
        "routes": [
          "18",
          "37",
          "41",
          "5",
          "54",
          "74",
          "82",
          "97",
          "99"
        ],
        "route_count": 9
      }
    },
    {
      "type": "Feature",
      "geometry": {
        "type": "Point",
        "coordinates": [
          39.1406661,
          51.7125785
        ]
      },
      "properties": {
        "name": "Бульвар Победы",
        "is_terminal": false,
        "routes": [
          "18",
          "40"
        ],
        "route_count": 2
      }
    },
    {
      "type": "Feature",
      "geometry": {
        "type": "Point",
        "coordinates": [
          39.1397756,
          51.710865
        ]
      },
      "properties": {
        "name": "Бульвар Победы",
        "is_terminal": false,
        "routes": [
          "18",
          "40",
          "82"
        ],
        "route_count": 3
      }
    },
    {
      "type": "Feature",
      "geometry": {
        "type": "Point",
        "coordinates": [
          39.2467394,
          51.6361507
        ]
      },
      "properties": {
        "name": "ВАСО",
        "is_terminal": true,
        "routes": [
          "13",
          "20",
          "234 (Воронеж - Солнечный)",
          "25",
          "35",
          "97"
        ],
        "route_count": 6
      }
    },
    {
      "type": "Feature",
      "geometry": {
        "type": "Point",
        "coordinates": [
          39.2459857,
          51.6368648
        ]
      },
      "properties": {
        "name": "ВАСО",
        "is_terminal": true,
        "routes": [
          "13",
          "20",
          "25",
          "35",
          "97"
        ],
        "route_count": 5
      }
    },
    {
      "type": "Feature",
      "geometry": {
        "type": "Point",
        "coordinates": [
          39.2929378,
          51.7130355
        ]
      },
      "properties": {
        "name": "ВЗСАК",
        "is_terminal": false,
        "routes": [
          "47"
        ],
        "route_count": 1
      }
    },
    {
      "type": "Feature",
      "geometry": {
        "type": "Point",
        "coordinates": [
          39.2932704,
          51.713554
        ]
      },
      "properties": {
        "name": "ВЗСАК",
        "is_terminal": false,
        "routes": [
          "47"
        ],
        "route_count": 1
      }
    },
    {
      "type": "Feature",
      "geometry": {
        "type": "Point",
        "coordinates": [
          39.2308954,
          51.6299782
        ]
      },
      "properties": {
        "name": "ВОГРЭС",
        "is_terminal": false,
        "routes": [
          "14",
          "16",
          "22",
          "26",
          "49",
          "65",
          "81",
          "86",
          "87"
        ],
        "route_count": 9
      }
    },
    {
      "type": "Feature",
      "geometry": {
        "type": "Point",
        "coordinates": [
          39.2302463,
          51.6293859
        ]
      },
      "properties": {
        "name": "ВОГРЭС",
        "is_terminal": true,
        "routes": [
          "14",
          "16",
          "22",
          "26",
          "49",
          "65",
          "81",
          "86",
          "87",
          "Служебный (ВОГРЭС - ЛОС)"
        ],
        "route_count": 10
      }
    },
    {
      "type": "Feature",
      "geometry": {
        "type": "Point",
        "coordinates": [
          39.1343791,
          51.6888368
        ]
      },
      "properties": {
        "name": "ВРТТЗ, ЖК «Цветной бульвар»",
        "is_terminal": false,
        "routes": [
          "16",
          "35",
          "38",
          "45",
          "63",
          "67",
          "74"
        ],
        "route_count": 7
      }
    },
    {
      "type": "Feature",
      "geometry": {
        "type": "Point",
        "coordinates": [
          39.1347707,
          51.6890401
        ]
      },
      "properties": {
        "name": "ВРТТЗ, ЖК «Цветной бульвар»",
        "is_terminal": false,
        "routes": [
          "16",
          "35",
          "38",
          "45",
          "63",
          "74"
        ],
        "route_count": 6
      }
    },
    {
      "type": "Feature",
      "geometry": {
        "type": "Point",
        "coordinates": [
          39.2598099,
          51.7297959
        ]
      },
      "properties": {
        "name": "Виадук",
        "is_terminal": false,
        "routes": [
          "10",
          "14",
          "22",
          "43",
          "52",
          "60",
          "88",
          "90"
        ],
        "route_count": 8
      }
    },
    {
      "type": "Feature",
      "geometry": {
        "type": "Point",
        "coordinates": [
          39.259952,
          51.7299322
        ]
      },
      "properties": {
        "name": "Виадук",
        "is_terminal": false,
        "routes": [
          "14",
          "43",
          "60",
          "88",
          "90"
        ],
        "route_count": 5
      }
    },
    {
      "type": "Feature",
      "geometry": {
        "type": "Point",
        "coordinates": [
          39.173491,
          51.6687542
        ]
      },
      "properties": {
        "name": "Виадук",
        "is_terminal": false,
        "routes": [
          "77"
        ],
        "route_count": 1
      }
    },
    {
      "type": "Feature",
      "geometry": {
        "type": "Point",
        "coordinates": [
          39.1732898,
          51.6687691
        ]
      },
      "properties": {
        "name": "Виадук",
        "is_terminal": false,
        "routes": [
          "77"
        ],
        "route_count": 1
      }
    },
    {
      "type": "Feature",
      "geometry": {
        "type": "Point",
        "coordinates": [
          39.1788796,
          51.723049
        ]
      },
      "properties": {
        "name": "Военный городок",
        "is_terminal": false,
        "routes": [
          "16",
          "3",
          "47",
          "49",
          "51",
          "80",
          "9",
          "94",
          "б/н (ТД \"ЦДМ\" - Областная больница)"
        ],
        "route_count": 9
      }
    },
    {
      "type": "Feature",
      "geometry": {
        "type": "Point",
        "coordinates": [
          39.179541,
          51.7234299
        ]
      },
      "properties": {
        "name": "Военный городок",
        "is_terminal": false,
        "routes": [
          "16",
          "3",
          "40",
          "47",
          "49",
          "50",
          "51",
          "80",
          "9",
          "94",
          "б/н (ТД \"ЦДМ\" - Областная больница)"
        ],
        "route_count": 11
      }
    },
    {
      "type": "Feature",
      "geometry": {
        "type": "Point",
        "coordinates": [
          39.1576606,
          51.6483231
        ]
      },
      "properties": {
        "name": "Военных Строителей",
        "is_terminal": false,
        "routes": [
          "12",
          "20",
          "24",
          "27",
          "37",
          "50",
          "52",
          "54",
          "55",
          "6",
          "66",
          "70",
          "72",
          "81",
          "87",
          "88"
        ],
        "route_count": 16
      }
    },
    {
      "type": "Feature",
      "geometry": {
        "type": "Point",
        "coordinates": [
          39.1572905,
          51.6478671
        ]
      },
      "properties": {
        "name": "Военных Строителей",
        "is_terminal": false,
        "routes": [
          "12",
          "20",
          "23",
          "27",
          "37",
          "50",
          "52",
          "54",
          "55",
          "6",
          "70",
          "72",
          "81",
          "87",
          "88"
        ],
        "route_count": 15
      }
    },
    {
      "type": "Feature",
      "geometry": {
        "type": "Point",
        "coordinates": [
          39.20537,
          51.6787312
        ]
      },
      "properties": {
        "name": "Вокзал Воронеж-1",
        "is_terminal": true,
        "routes": [
          "10",
          "12",
          "23",
          "24",
          "26",
          "6",
          "60",
          "63",
          "74",
          "83",
          "с76",
          "с93"
        ],
        "route_count": 12
      }
    },
    {
      "type": "Feature",
      "geometry": {
        "type": "Point",
        "coordinates": [
          39.2053557,
          51.678483
        ]
      },
      "properties": {
        "name": "Вокзал Воронеж-1",
        "is_terminal": true,
        "routes": [
          "10",
          "12",
          "23",
          "24",
          "26",
          "6",
          "60",
          "63",
          "74",
          "83",
          "с93"
        ],
        "route_count": 11
      }
    },
    {
      "type": "Feature",
      "geometry": {
        "type": "Point",
        "coordinates": [
          39.2086537,
          51.6795433
        ]
      },
      "properties": {
        "name": "Вокзал Воронеж-1",
        "is_terminal": true,
        "routes": [
          "10",
          "12",
          "23",
          "24",
          "26",
          "с93"
        ],
        "route_count": 6
      }
    },
    {
      "type": "Feature",
      "geometry": {
        "type": "Point",
        "coordinates": [
          39.2059796,
          51.6789661
        ]
      },
      "properties": {
        "name": "Вокзал Воронеж-1",
        "is_terminal": true,
        "routes": [
          "с76"
        ],
        "route_count": 1
      }
    },
    {
      "type": "Feature",
      "geometry": {
        "type": "Point",
        "coordinates": [
          39.1780226,
          51.6713941
        ]
      },
      "properties": {
        "name": "Вокзал Воронеж-2",
        "is_terminal": false,
        "routes": [
          "77"
        ],
        "route_count": 1
      }
    },
    {
      "type": "Feature",
      "geometry": {
        "type": "Point",
        "coordinates": [
          39.1777061,
          51.6714914
        ]
      },
      "properties": {
        "name": "Вокзал Воронеж-2",
        "is_terminal": false,
        "routes": [
          "77"
        ],
        "route_count": 1
      }
    },
    {
      "type": "Feature",
      "geometry": {
        "type": "Point",
        "coordinates": [
          39.2473134,
          51.6146124
        ]
      },
      "properties": {
        "name": "Волго-Донская улица",
        "is_terminal": false,
        "routes": [
          "26",
          "65",
          "81",
          "86",
          "87"
        ],
        "route_count": 5
      }
    },
    {
      "type": "Feature",
      "geometry": {
        "type": "Point",
        "coordinates": [
          39.2476273,
          51.6154818
        ]
      },
      "properties": {
        "name": "Волго-Донская улица",
        "is_terminal": false,
        "routes": [
          "26",
          "65",
          "81",
          "86",
          "87"
        ],
        "route_count": 5
      }
    },
    {
      "type": "Feature",
      "geometry": {
        "type": "Point",
        "coordinates": [
          39.2756537,
          51.6622559
        ]
      },
      "properties": {
        "name": "Волгоградская улица",
        "is_terminal": false,
        "routes": [
          "13",
          "36",
          "38",
          "41",
          "43",
          "6",
          "63",
          "65",
          "8"
        ],
        "route_count": 9
      }
    },
    {
      "type": "Feature",
      "geometry": {
        "type": "Point",
        "coordinates": [
          39.2768714,
          51.6600814
        ]
      },
      "properties": {
        "name": "Волгоградская улица",
        "is_terminal": false,
        "routes": [
          "36",
          "41",
          "43",
          "6",
          "65",
          "8"
        ],
        "route_count": 6
      }
    },
    {
      "type": "Feature",
      "geometry": {
        "type": "Point",
        "coordinates": [
          39.2783725,
          51.6606687
        ]
      },
      "properties": {
        "name": "Волгоградская улица",
        "is_terminal": false,
        "routes": [
          "13",
          "38",
          "63"
        ],
        "route_count": 3
      }
    },
    {
      "type": "Feature",
      "geometry": {
        "type": "Point",
        "coordinates": [
          39.1408329,
          51.6450316
        ]
      },
      "properties": {
        "name": "Воронеж, Юго-Западный рынок",
        "is_terminal": true,
        "routes": [
          "15",
          "27",
          "55",
          "6",
          "80",
          "81",
          "87",
          "б/н (Юго-Западный рынок - Максидом)",
          "б/н (Юго-Западный рынок - Ярмарка \"На Окружной\")",
          "с76"
        ],
        "route_count": 10
      }
    },
    {
      "type": "Feature",
      "geometry": {
        "type": "Point",
        "coordinates": [
          39.2053288,
          51.6574874
        ]
      },
      "properties": {
        "name": "Воронежский государственный университет",
        "is_terminal": true,
        "routes": [
          "21",
          "27",
          "32",
          "33",
          "44",
          "49",
          "5",
          "69",
          "7",
          "80",
          "94",
          "99"
        ],
        "route_count": 12
      }
    },
    {
      "type": "Feature",
      "geometry": {
        "type": "Point",
        "coordinates": [
          39.2046146,
          51.657849
        ]
      },
      "properties": {
        "name": "Воронежский государственный университет",
        "is_terminal": true,
        "routes": [
          "32",
          "69",
          "94"
        ],
        "route_count": 3
      }
    },
    {
      "type": "Feature",
      "geometry": {
        "type": "Point",
        "coordinates": [
          39.2712307,
          51.6522107
        ]
      },
      "properties": {
        "name": "Воронежстальмост",
        "is_terminal": false,
        "routes": [
          "36",
          "41",
          "43",
          "6",
          "65",
          "8"
        ],
        "route_count": 6
      }
    },
    {
      "type": "Feature",
      "geometry": {
        "type": "Point",
        "coordinates": [
          39.2706433,
          51.6518429
        ]
      },
      "properties": {
        "name": "Воронежстальмост",
        "is_terminal": false,
        "routes": [
          "36",
          "41",
          "43",
          "6",
          "65",
          "8"
        ],
        "route_count": 6
      }
    },
    {
      "type": "Feature",
      "geometry": {
        "type": "Point",
        "coordinates": [
          39.0990704,
          51.6292515
        ]
      },
      "properties": {
        "name": "Восточная улица",
        "is_terminal": false,
        "routes": [
          "55"
        ],
        "route_count": 1
      }
    },
    {
      "type": "Feature",
      "geometry": {
        "type": "Point",
        "coordinates": [
          39.0994835,
          51.6292199
        ]
      },
      "properties": {
        "name": "Восточная улица",
        "is_terminal": false,
        "routes": [
          "55"
        ],
        "route_count": 1
      }
    },
    {
      "type": "Feature",
      "geometry": {
        "type": "Point",
        "coordinates": [
          39.2102373,
          51.6366384
        ]
      },
      "properties": {
        "name": "Выборгская улица",
        "is_terminal": false,
        "routes": [
          "1кс",
          "25",
          "26",
          "35",
          "36",
          "49",
          "72",
          "81",
          "86",
          "87"
        ],
        "route_count": 10
      }
    },
    {
      "type": "Feature",
      "geometry": {
        "type": "Point",
        "coordinates": [
          39.210307,
          51.6363787
        ]
      },
      "properties": {
        "name": "Выборгская улица",
        "is_terminal": false,
        "routes": [
          "1кв",
          "25",
          "26",
          "35",
          "36",
          "49",
          "72",
          "81",
          "86",
          "87"
        ],
        "route_count": 10
      }
    },
    {
      "type": "Feature",
      "geometry": {
        "type": "Point",
        "coordinates": [
          39.1417471,
          51.6761363
        ]
      },
      "properties": {
        "name": "Газовая улица",
        "is_terminal": false,
        "routes": [
          "17",
          "54",
          "57",
          "58",
          "60",
          "61",
          "67",
          "8",
          "с76"
        ],
        "route_count": 9
      }
    },
    {
      "type": "Feature",
      "geometry": {
        "type": "Point",
        "coordinates": [
          39.1411436,
          51.6760747
        ]
      },
      "properties": {
        "name": "Газовая улица",
        "is_terminal": false,
        "routes": [
          "17",
          "54",
          "57",
          "58",
          "60",
          "61",
          "8",
          "с76"
        ],
        "route_count": 8
      }
    },
    {
      "type": "Feature",
      "geometry": {
        "type": "Point",
        "coordinates": [
          39.2786226,
          51.6364938
        ]
      },
      "properties": {
        "name": "Гаражи",
        "is_terminal": false,
        "routes": [
          "36",
          "41",
          "43",
          "6",
          "65",
          "8",
          "86"
        ],
        "route_count": 7
      }
    },
    {
      "type": "Feature",
      "geometry": {
        "type": "Point",
        "coordinates": [
          39.2788696,
          51.6366085
        ]
      },
      "properties": {
        "name": "Гаражи",
        "is_terminal": false,
        "routes": [
          "36",
          "41",
          "43",
          "6",
          "65",
          "8",
          "86"
        ],
        "route_count": 7
      }
    },
    {
      "type": "Feature",
      "geometry": {
        "type": "Point",
        "coordinates": [
          39.0968147,
          51.6828886
        ]
      },
      "properties": {
        "name": "Гаражи",
        "is_terminal": false,
        "routes": [
          "17",
          "60",
          "61",
          "8",
          "82"
        ],
        "route_count": 5
      }
    },
    {
      "type": "Feature",
      "geometry": {
        "type": "Point",
        "coordinates": [
          39.0969247,
          51.6827539
        ]
      },
      "properties": {
        "name": "Гаражи",
        "is_terminal": false,
        "routes": [
          "17",
          "60",
          "61",
          "8",
          "82"
        ],
        "route_count": 5
      }
    },
    {
      "type": "Feature",
      "geometry": {
        "type": "Point",
        "coordinates": [
          39.2909798,
          51.7387527
        ]
      },
      "properties": {
        "name": "Гаражи",
        "is_terminal": false,
        "routes": [
          "10",
          "14",
          "22",
          "43",
          "52",
          "88",
          "90"
        ],
        "route_count": 7
      }
    },
    {
      "type": "Feature",
      "geometry": {
        "type": "Point",
        "coordinates": [
          39.2910361,
          51.7386696
        ]
      },
      "properties": {
        "name": "Гаражи",
        "is_terminal": false,
        "routes": [
          "14",
          "88",
          "90"
        ],
        "route_count": 3
      }
    },
    {
      "type": "Feature",
      "geometry": {
        "type": "Point",
        "coordinates": [
          39.2914442,
          51.7384768
        ]
      },
      "properties": {
        "name": "Гаражи",
        "is_terminal": false,
        "routes": [
          "60"
        ],
        "route_count": 1
      }
    },
    {
      "type": "Feature",
      "geometry": {
        "type": "Point",
        "coordinates": [
          39.2913312,
          51.7383856
        ]
      },
      "properties": {
        "name": "Гаражи",
        "is_terminal": false,
        "routes": [
          "60"
        ],
        "route_count": 1
      }
    },
    {
      "type": "Feature",
      "geometry": {
        "type": "Point",
        "coordinates": [
          39.2419061,
          51.6519311
        ]
      },
      "properties": {
        "name": "Гвардейский переулок",
        "is_terminal": false,
        "routes": [
          "13",
          "14",
          "16",
          "1кс",
          "20",
          "22",
          "234 (Воронеж - Солнечный)",
          "36",
          "65",
          "72",
          "97"
        ],
        "route_count": 11
      }
    },
    {
      "type": "Feature",
      "geometry": {
        "type": "Point",
        "coordinates": [
          39.2425016,
          51.6524204
        ]
      },
      "properties": {
        "name": "Гвардейский переулок",
        "is_terminal": false,
        "routes": [
          "13",
          "14",
          "16",
          "1кв",
          "20",
          "22",
          "36",
          "65",
          "72",
          "97"
        ],
        "route_count": 10
      }
    },
    {
      "type": "Feature",
      "geometry": {
        "type": "Point",
        "coordinates": [
          39.1413635,
          51.6968823
        ]
      },
      "properties": {
        "name": "Геологоразведка",
        "is_terminal": false,
        "routes": [
          "16",
          "35",
          "37",
          "38",
          "45",
          "63",
          "67",
          "74"
        ],
        "route_count": 8
      }
    },
    {
      "type": "Feature",
      "geometry": {
        "type": "Point",
        "coordinates": [
          39.1408217,
          51.6969172
        ]
      },
      "properties": {
        "name": "Геологоразведка",
        "is_terminal": false,
        "routes": [
          "16",
          "35",
          "38",
          "63",
          "74"
        ],
        "route_count": 5
      }
    },
    {
      "type": "Feature",
      "geometry": {
        "type": "Point",
        "coordinates": [
          39.1391641,
          51.5366371
        ]
      },
      "properties": {
        "name": "Гидроузел",
        "is_terminal": false,
        "routes": [
          "92"
        ],
        "route_count": 1
      }
    },
    {
      "type": "Feature",
      "geometry": {
        "type": "Point",
        "coordinates": [
          39.1622713,
          51.7126767
        ]
      },
      "properties": {
        "name": "Гипермаркет «Линия»",
        "is_terminal": false,
        "routes": [
          "15",
          "18",
          "27",
          "58"
        ],
        "route_count": 4
      }
    },
    {
      "type": "Feature",
      "geometry": {
        "type": "Point",
        "coordinates": [
          39.1616724,
          51.7146974
        ]
      },
      "properties": {
        "name": "Гипермаркет «Линия»",
        "is_terminal": false,
        "routes": [
          "18",
          "58"
        ],
        "route_count": 2
      }
    },
    {
      "type": "Feature",
      "geometry": {
        "type": "Point",
        "coordinates": [
          39.1617724,
          51.7119369
        ]
      },
      "properties": {
        "name": "Гипермаркет «Линия»",
        "is_terminal": false,
        "routes": [
          "37",
          "41",
          "44",
          "74",
          "97",
          "99"
        ],
        "route_count": 6
      }
    },
    {
      "type": "Feature",
      "geometry": {
        "type": "Point",
        "coordinates": [
          39.1352078,
          51.6917133
        ]
      },
      "properties": {
        "name": "Городской молочный завод",
        "is_terminal": false,
        "routes": [
          "16",
          "35",
          "38",
          "45",
          "63",
          "67",
          "74"
        ],
        "route_count": 7
      }
    },
    {
      "type": "Feature",
      "geometry": {
        "type": "Point",
        "coordinates": [
          39.1350647,
          51.691662
        ]
      },
      "properties": {
        "name": "Городской молочный завод",
        "is_terminal": false,
        "routes": [
          "16",
          "35",
          "38",
          "45",
          "63",
          "74"
        ],
        "route_count": 6
      }
    },
    {
      "type": "Feature",
      "geometry": {
        "type": "Point",
        "coordinates": [
          39.1860867,
          51.6421716
        ]
      },
      "properties": {
        "name": "Городской переулок",
        "is_terminal": false,
        "routes": [
          "3",
          "5",
          "80"
        ],
        "route_count": 3
      }
    },
    {
      "type": "Feature",
      "geometry": {
        "type": "Point",
        "coordinates": [
          39.1861135,
          51.6417421
        ]
      },
      "properties": {
        "name": "Городской переулок",
        "is_terminal": false,
        "routes": [
          "3",
          "5",
          "80"
        ],
        "route_count": 3
      }
    },
    {
      "type": "Feature",
      "geometry": {
        "type": "Point",
        "coordinates": [
          39.100295,
          51.6489204
        ]
      },
      "properties": {
        "name": "Госпиталь МВД",
        "is_terminal": false,
        "routes": [
          "23"
        ],
        "route_count": 1
      }
    },
    {
      "type": "Feature",
      "geometry": {
        "type": "Point",
        "coordinates": [
          39.1001379,
          51.6493433
        ]
      },
      "properties": {
        "name": "Госпиталь МВД",
        "is_terminal": false,
        "routes": [
          "24"
        ],
        "route_count": 1
      }
    },
    {
      "type": "Feature",
      "geometry": {
        "type": "Point",
        "coordinates": [
          39.1689929,
          51.7168228
        ]
      },
      "properties": {
        "name": "Гостиница",
        "is_terminal": false,
        "routes": [
          "15",
          "18",
          "27",
          "54",
          "57",
          "58",
          "82"
        ],
        "route_count": 7
      }
    },
    {
      "type": "Feature",
      "geometry": {
        "type": "Point",
        "coordinates": [
          39.1689447,
          51.7169541
        ]
      },
      "properties": {
        "name": "Гостиница",
        "is_terminal": false,
        "routes": [
          "18",
          "54",
          "57",
          "58"
        ],
        "route_count": 4
      }
    },
    {
      "type": "Feature",
      "geometry": {
        "type": "Point",
        "coordinates": [
          39.198339,
          51.6629398
        ]
      },
      "properties": {
        "name": "Гостиница «Брно»",
        "is_terminal": false,
        "routes": [
          "25",
          "27",
          "35",
          "37",
          "41",
          "49",
          "5",
          "61",
          "69",
          "7",
          "8",
          "9",
          "90",
          "94",
          "97",
          "99"
        ],
        "route_count": 16
      }
    },
    {
      "type": "Feature",
      "geometry": {
        "type": "Point",
        "coordinates": [
          39.2413728,
          51.6350048
        ]
      },
      "properties": {
        "name": "Гостиница «Восток»",
        "is_terminal": false,
        "routes": [
          "13",
          "20",
          "234 (Воронеж - Солнечный)",
          "25",
          "35",
          "97"
        ],
        "route_count": 6
      }
    },
    {
      "type": "Feature",
      "geometry": {
        "type": "Point",
        "coordinates": [
          39.2409083,
          51.6351518
        ]
      },
      "properties": {
        "name": "Гостиница «Восток»",
        "is_terminal": false,
        "routes": [
          "13",
          "20",
          "25",
          "35",
          "97"
        ],
        "route_count": 5
      }
    },
    {
      "type": "Feature",
      "geometry": {
        "type": "Point",
        "coordinates": [
          39.1796804,
          51.731221
        ]
      },
      "properties": {
        "name": "Гостиница «Спутник»",
        "is_terminal": false,
        "routes": [
          "16",
          "3",
          "47",
          "49",
          "51",
          "80",
          "9",
          "94",
          "б/н (ТД \"ЦДМ\" - Областная больница)"
        ],
        "route_count": 9
      }
    },
    {
      "type": "Feature",
      "geometry": {
        "type": "Point",
        "coordinates": [
          39.1787903,
          51.731342
        ]
      },
      "properties": {
        "name": "Гостиница «Спутник»",
        "is_terminal": false,
        "routes": [
          "16",
          "3",
          "47",
          "49",
          "51",
          "80",
          "9",
          "94",
          "б/н (ТД \"ЦДМ\" - Областная больница)"
        ],
        "route_count": 9
      }
    },
    {
      "type": "Feature",
      "geometry": {
        "type": "Point",
        "coordinates": [
          39.1702831,
          51.7337297
        ]
      },
      "properties": {
        "name": "Гостиница «Спутник»",
        "is_terminal": false,
        "routes": [
          "18",
          "44"
        ],
        "route_count": 2
      }
    },
    {
      "type": "Feature",
      "geometry": {
        "type": "Point",
        "coordinates": [
          39.1707766,
          51.733831
        ]
      },
      "properties": {
        "name": "Гостиница «Спутник»",
        "is_terminal": false,
        "routes": [
          "18",
          "44"
        ],
        "route_count": 2
      }
    },
    {
      "type": "Feature",
      "geometry": {
        "type": "Point",
        "coordinates": [
          39.2596436,
          51.6695476
        ]
      },
      "properties": {
        "name": "Гражданский переулок",
        "is_terminal": false,
        "routes": [
          "13",
          "36",
          "38",
          "41",
          "43",
          "6",
          "63",
          "65",
          "8"
        ],
        "route_count": 9
      }
    },
    {
      "type": "Feature",
      "geometry": {
        "type": "Point",
        "coordinates": [
          39.2592734,
          51.6695244
        ]
      },
      "properties": {
        "name": "Гражданский переулок",
        "is_terminal": false,
        "routes": [
          "13",
          "36",
          "38",
          "41",
          "43",
          "6",
          "63",
          "65",
          "8"
        ],
        "route_count": 9
      }
    },
    {
      "type": "Feature",
      "geometry": {
        "type": "Point",
        "coordinates": [
          39.1428575,
          51.7012345
        ]
      },
      "properties": {
        "name": "Графская кухня",
        "is_terminal": false,
        "routes": [
          "15",
          "18",
          "40",
          "54",
          "57",
          "58",
          "77"
        ],
        "route_count": 7
      }
    },
    {
      "type": "Feature",
      "geometry": {
        "type": "Point",
        "coordinates": [
          39.1420931,
          51.7016085
        ]
      },
      "properties": {
        "name": "Графская кухня",
        "is_terminal": false,
        "routes": [
          "15",
          "18",
          "40",
          "54",
          "57",
          "58",
          "77",
          "82"
        ],
        "route_count": 8
      }
    },
    {
      "type": "Feature",
      "geometry": {
        "type": "Point",
        "coordinates": [
          39.3810672,
          51.7472761
        ]
      },
      "properties": {
        "name": "Грузинская улица (микрорайон Сомово)",
        "is_terminal": true,
        "routes": [
          "90"
        ],
        "route_count": 1
      }
    },
    {
      "type": "Feature",
      "geometry": {
        "type": "Point",
        "coordinates": [
          39.381786,
          51.7475042
        ]
      },
      "properties": {
        "name": "Грузинская улица (микрорайон Сомово)",
        "is_terminal": true,
        "routes": [
          "90"
        ],
        "route_count": 1
      }
    },
    {
      "type": "Feature",
      "geometry": {
        "type": "Point",
        "coordinates": [
          39.2662418,
          51.6417821
        ]
      },
      "properties": {
        "name": "Грузовой двор",
        "is_terminal": false,
        "routes": [
          "36",
          "41",
          "43",
          "6",
          "65",
          "8"
        ],
        "route_count": 6
      }
    },
    {
      "type": "Feature",
      "geometry": {
        "type": "Point",
        "coordinates": [
          39.2656302,
          51.6410713
        ]
      },
      "properties": {
        "name": "Грузовой двор",
        "is_terminal": false,
        "routes": [
          "36",
          "41",
          "43",
          "6",
          "65",
          "8"
        ],
        "route_count": 6
      }
    },
    {
      "type": "Feature",
      "geometry": {
        "type": "Point",
        "coordinates": [
          39.2563015,
          51.6873635
        ]
      },
      "properties": {
        "name": "ДК «Электроника»",
        "is_terminal": false,
        "routes": [
          "10",
          "12",
          "16",
          "18",
          "1кс",
          "234 (Воронеж - Солнечный)",
          "26",
          "38",
          "47",
          "66",
          "88",
          "б/н (ТЦ «ЦДМ» - Улица Димитрова)"
        ],
        "route_count": 12
      }
    },
    {
      "type": "Feature",
      "geometry": {
        "type": "Point",
        "coordinates": [
          39.2545044,
          51.6882906
        ]
      },
      "properties": {
        "name": "ДК «Электроника»",
        "is_terminal": false,
        "routes": [
          "10",
          "12",
          "16",
          "18",
          "1кв",
          "26",
          "38",
          "47",
          "66",
          "88"
        ],
        "route_count": 10
      }
    },
    {
      "type": "Feature",
      "geometry": {
        "type": "Point",
        "coordinates": [
          39.0482399,
          51.5672272
        ]
      },
      "properties": {
        "name": "ДК Малышево",
        "is_terminal": false,
        "routes": [
          "23"
        ],
        "route_count": 1
      }
    },
    {
      "type": "Feature",
      "geometry": {
        "type": "Point",
        "coordinates": [
          39.0497634,
          51.5658283
        ]
      },
      "properties": {
        "name": "ДК Малышево",
        "is_terminal": false,
        "routes": [
          "24"
        ],
        "route_count": 1
      }
    },
    {
      "type": "Feature",
      "geometry": {
        "type": "Point",
        "coordinates": [
          39.1646236,
          51.6696724
        ]
      },
      "properties": {
        "name": "ДК Машиностроителей",
        "is_terminal": false,
        "routes": [
          "54",
          "61"
        ],
        "route_count": 2
      }
    },
    {
      "type": "Feature",
      "geometry": {
        "type": "Point",
        "coordinates": [
          39.1651762,
          51.6692649
        ]
      },
      "properties": {
        "name": "ДК Машиностроителей",
        "is_terminal": false,
        "routes": [
          "54",
          "61"
        ],
        "route_count": 2
      }
    },
    {
      "type": "Feature",
      "geometry": {
        "type": "Point",
        "coordinates": [
          39.2463452,
          51.612144
        ]
      },
      "properties": {
        "name": "ДК Шинников",
        "is_terminal": false,
        "routes": [
          "26",
          "65",
          "81",
          "86",
          "87",
          "Служебный (ВОГРЭС - ЛОС)"
        ],
        "route_count": 6
      }
    },
    {
      "type": "Feature",
      "geometry": {
        "type": "Point",
        "coordinates": [
          39.2463237,
          51.6128152
        ]
      },
      "properties": {
        "name": "ДК Шинников",
        "is_terminal": false,
        "routes": [
          "26",
          "65",
          "81",
          "86",
          "87",
          "Служебный (ВОГРЭС - ЛОС)"
        ],
        "route_count": 6
      }
    },
    {
      "type": "Feature",
      "geometry": {
        "type": "Point",
        "coordinates": [
          39.2312792,
          51.6330841
        ]
      },
      "properties": {
        "name": "ДК имени Кирова",
        "is_terminal": true,
        "routes": [
          "1кс",
          "25",
          "26",
          "35",
          "36",
          "49",
          "72",
          "81",
          "86",
          "87",
          "Служебный (ВОГРЭС - ЛОС)"
        ],
        "route_count": 11
      }
    },
    {
      "type": "Feature",
      "geometry": {
        "type": "Point",
        "coordinates": [
          39.2329985,
          51.6340764
        ]
      },
      "properties": {
        "name": "ДК имени Кирова",
        "is_terminal": false,
        "routes": [
          "13",
          "14",
          "16",
          "1кв",
          "20",
          "22",
          "36",
          "65",
          "72",
          "97"
        ],
        "route_count": 10
      }
    },
    {
      "type": "Feature",
      "geometry": {
        "type": "Point",
        "coordinates": [
          39.2336556,
          51.6334054
        ]
      },
      "properties": {
        "name": "ДК имени Кирова",
        "is_terminal": false,
        "routes": [
          "13",
          "20",
          "234 (Воронеж - Солнечный)",
          "25",
          "35",
          "97"
        ],
        "route_count": 6
      }
    },
    {
      "type": "Feature",
      "geometry": {
        "type": "Point",
        "coordinates": [
          39.2335349,
          51.6336002
        ]
      },
      "properties": {
        "name": "ДК имени Кирова",
        "is_terminal": false,
        "routes": [
          "13",
          "20",
          "25",
          "35",
          "97"
        ],
        "route_count": 5
      }
    },
    {
      "type": "Feature",
      "geometry": {
        "type": "Point",
        "coordinates": [
          39.2319055,
          51.632618
        ]
      },
      "properties": {
        "name": "ДК имени Кирова",
        "is_terminal": false,
        "routes": [
          "14",
          "16",
          "22",
          "65"
        ],
        "route_count": 4
      }
    },
    {
      "type": "Feature",
      "geometry": {
        "type": "Point",
        "coordinates": [
          39.1211048,
          51.5892929
        ]
      },
      "properties": {
        "name": "Дальние сады",
        "is_terminal": true,
        "routes": [
          "85",
          "с93"
        ],
        "route_count": 2
      }
    },
    {
      "type": "Feature",
      "geometry": {
        "type": "Point",
        "coordinates": [
          39.1211948,
          51.5891282
        ]
      },
      "properties": {
        "name": "Дальние сады",
        "is_terminal": true,
        "routes": [
          "85",
          "с93"
        ],
        "route_count": 2
      }
    },
    {
      "type": "Feature",
      "geometry": {
        "type": "Point",
        "coordinates": [
          39.185054,
          51.6591263
        ]
      },
      "properties": {
        "name": "Девицкий Выезд",
        "is_terminal": false,
        "routes": [
          "10",
          "12",
          "23",
          "24",
          "26",
          "54",
          "55",
          "6",
          "80",
          "с93"
        ],
        "route_count": 10
      }
    },
    {
      "type": "Feature",
      "geometry": {
        "type": "Point",
        "coordinates": [
          39.1853759,
          51.6589982
        ]
      },
      "properties": {
        "name": "Девицкий Выезд",
        "is_terminal": false,
        "routes": [
          "10",
          "12",
          "23",
          "24",
          "26",
          "54",
          "55",
          "6",
          "с93"
        ],
        "route_count": 9
      }
    },
    {
      "type": "Feature",
      "geometry": {
        "type": "Point",
        "coordinates": [
          39.2210841,
          51.6819456
        ]
      },
      "properties": {
        "name": "Девичий рынок",
        "is_terminal": false,
        "routes": [
          "57",
          "58"
        ],
        "route_count": 2
      }
    },
    {
      "type": "Feature",
      "geometry": {
        "type": "Point",
        "coordinates": [
          39.2207676,
          51.6816446
        ]
      },
      "properties": {
        "name": "Девичий рынок",
        "is_terminal": false,
        "routes": [
          "57",
          "58"
        ],
        "route_count": 2
      }
    },
    {
      "type": "Feature",
      "geometry": {
        "type": "Point",
        "coordinates": [
          39.2693597,
          51.7293364
        ]
      },
      "properties": {
        "name": "Депо",
        "is_terminal": false,
        "routes": [
          "10",
          "22",
          "52"
        ],
        "route_count": 3
      }
    },
    {
      "type": "Feature",
      "geometry": {
        "type": "Point",
        "coordinates": [
          39.1979098,
          51.6954093
        ]
      },
      "properties": {
        "name": "Детская инфекционная больница",
        "is_terminal": false,
        "routes": [
          "18",
          "38",
          "44",
          "51",
          "74"
        ],
        "route_count": 5
      }
    },
    {
      "type": "Feature",
      "geometry": {
        "type": "Point",
        "coordinates": [
          39.197812,
          51.6956445
        ]
      },
      "properties": {
        "name": "Детская инфекционная больница",
        "is_terminal": false,
        "routes": [
          "18",
          "38",
          "44",
          "51",
          "74"
        ],
        "route_count": 5
      }
    },
    {
      "type": "Feature",
      "geometry": {
        "type": "Point",
        "coordinates": [
          39.2085019,
          51.6748306
        ]
      },
      "properties": {
        "name": "Детский парк",
        "is_terminal": false,
        "routes": [
          "57",
          "58",
          "с76"
        ],
        "route_count": 3
      }
    },
    {
      "type": "Feature",
      "geometry": {
        "type": "Point",
        "coordinates": [
          39.2480752,
          51.5887179
        ]
      },
      "properties": {
        "name": "Детский сад",
        "is_terminal": false,
        "routes": [
          "14",
          "22",
          "26",
          "48",
          "79",
          "81",
          "87"
        ],
        "route_count": 7
      }
    },
    {
      "type": "Feature",
      "geometry": {
        "type": "Point",
        "coordinates": [
          39.2483354,
          51.5894395
        ]
      },
      "properties": {
        "name": "Детский сад",
        "is_terminal": false,
        "routes": [
          "22",
          "48",
          "79"
        ],
        "route_count": 3
      }
    },
    {
      "type": "Feature",
      "geometry": {
        "type": "Point",
        "coordinates": [
          39.1224217,
          51.5682542
        ]
      },
      "properties": {
        "name": "Детский сад № 114",
        "is_terminal": false,
        "routes": [
          "21"
        ],
        "route_count": 1
      }
    },
    {
      "type": "Feature",
      "geometry": {
        "type": "Point",
        "coordinates": [
          39.1222501,
          51.568826
        ]
      },
      "properties": {
        "name": "Детский сад № 114",
        "is_terminal": false,
        "routes": [
          "21"
        ],
        "route_count": 1
      }
    },
    {
      "type": "Feature",
      "geometry": {
        "type": "Point",
        "coordinates": [
          39.1477055,
          51.6937126
        ]
      },
      "properties": {
        "name": "Детский сад № 187",
        "is_terminal": false,
        "routes": [
          "37",
          "45"
        ],
        "route_count": 2
      }
    },
    {
      "type": "Feature",
      "geometry": {
        "type": "Point",
        "coordinates": [
          39.1360742,
          51.6559465
        ]
      },
      "properties": {
        "name": "Дивизион",
        "is_terminal": false,
        "routes": [
          "15",
          "с76"
        ],
        "route_count": 2
      }
    },
    {
      "type": "Feature",
      "geometry": {
        "type": "Point",
        "coordinates": [
          39.1354895,
          51.6561146
        ]
      },
      "properties": {
        "name": "Дивизион",
        "is_terminal": false,
        "routes": [
          "15",
          "с76"
        ],
        "route_count": 2
      }
    },
    {
      "type": "Feature",
      "geometry": {
        "type": "Point",
        "coordinates": [
          39.1945678,
          51.6663603
        ]
      },
      "properties": {
        "name": "Дом архитектора",
        "is_terminal": false,
        "routes": [
          "25",
          "27",
          "35",
          "37",
          "41",
          "45",
          "49",
          "5",
          "57",
          "58",
          "69",
          "7",
          "8",
          "80",
          "9",
          "90",
          "94",
          "97",
          "99",
          "с76"
        ],
        "route_count": 20
      }
    },
    {
      "type": "Feature",
      "geometry": {
        "type": "Point",
        "coordinates": [
          39.1873392,
          51.6550595
        ]
      },
      "properties": {
        "name": "Дом быта",
        "is_terminal": false,
        "routes": [
          "5"
        ],
        "route_count": 1
      }
    },
    {
      "type": "Feature",
      "geometry": {
        "type": "Point",
        "coordinates": [
          39.2366061,
          51.7180791
        ]
      },
      "properties": {
        "name": "Дом инвалидов",
        "is_terminal": false,
        "routes": [
          "71"
        ],
        "route_count": 1
      }
    },
    {
      "type": "Feature",
      "geometry": {
        "type": "Point",
        "coordinates": [
          39.236484,
          51.7180716
        ]
      },
      "properties": {
        "name": "Дом инвалидов",
        "is_terminal": false,
        "routes": [
          "71"
        ],
        "route_count": 1
      }
    },
    {
      "type": "Feature",
      "geometry": {
        "type": "Point",
        "coordinates": [
          39.2187076,
          51.678196
        ]
      },
      "properties": {
        "name": "Дом-музей Дурова",
        "is_terminal": false,
        "routes": [
          "57",
          "58"
        ],
        "route_count": 2
      }
    },
    {
      "type": "Feature",
      "geometry": {
        "type": "Point",
        "coordinates": [
          39.2187667,
          51.6784548
        ]
      },
      "properties": {
        "name": "Дом-музей Дурова",
        "is_terminal": false,
        "routes": [
          "57",
          "58"
        ],
        "route_count": 2
      }
    },
    {
      "type": "Feature",
      "geometry": {
        "type": "Point",
        "coordinates": [
          39.0598297,
          51.6177284
        ]
      },
      "properties": {
        "name": "Домики",
        "is_terminal": false,
        "routes": [
          "24",
          "55",
          "6"
        ],
        "route_count": 3
      }
    },
    {
      "type": "Feature",
      "geometry": {
        "type": "Point",
        "coordinates": [
          39.0596044,
          51.6175336
        ]
      },
      "properties": {
        "name": "Домики",
        "is_terminal": false,
        "routes": [
          "23",
          "55",
          "6"
        ],
        "route_count": 3
      }
    },
    {
      "type": "Feature",
      "geometry": {
        "type": "Point",
        "coordinates": [
          39.0880761,
          51.6382015
        ]
      },
      "properties": {
        "name": "Дон-2",
        "is_terminal": false,
        "routes": [
          "24",
          "6"
        ],
        "route_count": 2
      }
    },
    {
      "type": "Feature",
      "geometry": {
        "type": "Point",
        "coordinates": [
          39.0882343,
          51.6382015
        ]
      },
      "properties": {
        "name": "Дон-2",
        "is_terminal": false,
        "routes": [
          "23",
          "6"
        ],
        "route_count": 2
      }
    },
    {
      "type": "Feature",
      "geometry": {
        "type": "Point",
        "coordinates": [
          39.1590929,
          51.6940985
        ]
      },
      "properties": {
        "name": "Донская улица",
        "is_terminal": false,
        "routes": [
          "45",
          "67"
        ],
        "route_count": 2
      }
    },
    {
      "type": "Feature",
      "geometry": {
        "type": "Point",
        "coordinates": [
          39.1593022,
          51.6942564
        ]
      },
      "properties": {
        "name": "Донская улица",
        "is_terminal": false,
        "routes": [
          "45"
        ],
        "route_count": 1
      }
    },
    {
      "type": "Feature",
      "geometry": {
        "type": "Point",
        "coordinates": [
          39.3172011,
          51.742297
        ]
      },
      "properties": {
        "name": "Дорожная служба",
        "is_terminal": false,
        "routes": [
          "14",
          "60",
          "88",
          "90"
        ],
        "route_count": 4
      }
    },
    {
      "type": "Feature",
      "geometry": {
        "type": "Point",
        "coordinates": [
          39.3157876,
          51.7423053
        ]
      },
      "properties": {
        "name": "Дорожная служба",
        "is_terminal": false,
        "routes": [
          "14",
          "60",
          "88",
          "90"
        ],
        "route_count": 4
      }
    },
    {
      "type": "Feature",
      "geometry": {
        "type": "Point",
        "coordinates": [
          39.1314125,
          51.6609066
        ]
      },
      "properties": {
        "name": "Дорожная улица",
        "is_terminal": false,
        "routes": [
          "15",
          "с76"
        ],
        "route_count": 2
      }
    },
    {
      "type": "Feature",
      "geometry": {
        "type": "Point",
        "coordinates": [
          39.1309941,
          51.6608401
        ]
      },
      "properties": {
        "name": "Дорожная улица",
        "is_terminal": false,
        "routes": [
          "15",
          "с76"
        ],
        "route_count": 2
      }
    },
    {
      "type": "Feature",
      "geometry": {
        "type": "Point",
        "coordinates": [
          39.1518778,
          51.662444
        ]
      },
      "properties": {
        "name": "Дорожная улица",
        "is_terminal": false,
        "routes": [
          "17",
          "66"
        ],
        "route_count": 2
      }
    },
    {
      "type": "Feature",
      "geometry": {
        "type": "Point",
        "coordinates": [
          39.2822707,
          51.6590831
        ]
      },
      "properties": {
        "name": "Дрожжевой завод",
        "is_terminal": false,
        "routes": [
          "13",
          "38",
          "63"
        ],
        "route_count": 3
      }
    },
    {
      "type": "Feature",
      "geometry": {
        "type": "Point",
        "coordinates": [
          39.283011,
          51.6584907
        ]
      },
      "properties": {
        "name": "Дрожжевой завод",
        "is_terminal": false,
        "routes": [
          "13",
          "38",
          "63"
        ],
        "route_count": 3
      }
    },
    {
      "type": "Feature",
      "geometry": {
        "type": "Point",
        "coordinates": [
          39.2206335,
          51.6065029
        ]
      },
      "properties": {
        "name": "Дубрава",
        "is_terminal": false,
        "routes": [
          "Служебный (ВОГРЭС - ЛОС)"
        ],
        "route_count": 1
      }
    },
    {
      "type": "Feature",
      "geometry": {
        "type": "Point",
        "coordinates": [
          39.2207676,
          51.6065363
        ]
      },
      "properties": {
        "name": "Дубрава",
        "is_terminal": false,
        "routes": [
          "Служебный (ВОГРЭС - ЛОС)"
        ],
        "route_count": 1
      }
    },
    {
      "type": "Feature",
      "geometry": {
        "type": "Point",
        "coordinates": [
          39.2518678,
          51.5890679
        ]
      },
      "properties": {
        "name": "Европак",
        "is_terminal": false,
        "routes": [
          "78"
        ],
        "route_count": 1
      }
    },
    {
      "type": "Feature",
      "geometry": {
        "type": "Point",
        "coordinates": [
          39.1948628,
          51.7114716
        ]
      },
      "properties": {
        "name": "ЖК «Ботанический сад»",
        "is_terminal": false,
        "routes": [
          "18",
          "44",
          "51",
          "74"
        ],
        "route_count": 4
      }
    },
    {
      "type": "Feature",
      "geometry": {
        "type": "Point",
        "coordinates": [
          39.1952544,
          51.7108118
        ]
      },
      "properties": {
        "name": "ЖК «Ботанический сад»",
        "is_terminal": false,
        "routes": [
          "18",
          "44",
          "51",
          "74",
          "95"
        ],
        "route_count": 5
      }
    },
    {
      "type": "Feature",
      "geometry": {
        "type": "Point",
        "coordinates": [
          39.1866365,
          51.7596294
        ]
      },
      "properties": {
        "name": "ЖК Грин Парк",
        "is_terminal": true,
        "routes": [
          "18",
          "44",
          "94"
        ],
        "route_count": 3
      }
    },
    {
      "type": "Feature",
      "geometry": {
        "type": "Point",
        "coordinates": [
          39.2032823,
          51.6931764
        ]
      },
      "properties": {
        "name": "Железнодорожная больница",
        "is_terminal": false,
        "routes": [
          "18",
          "38",
          "44",
          "51",
          "74"
        ],
        "route_count": 5
      }
    },
    {
      "type": "Feature",
      "geometry": {
        "type": "Point",
        "coordinates": [
          39.2018232,
          51.6939878
        ]
      },
      "properties": {
        "name": "Железнодорожная больница",
        "is_terminal": false,
        "routes": [
          "18",
          "38",
          "44",
          "51",
          "74"
        ],
        "route_count": 5
      }
    },
    {
      "type": "Feature",
      "geometry": {
        "type": "Point",
        "coordinates": [
          39.21565,
          51.6811457
        ]
      },
      "properties": {
        "name": "Железнодорожная поликлиника",
        "is_terminal": false,
        "routes": [
          "10",
          "12",
          "1кс",
          "26",
          "3",
          "44",
          "50",
          "51",
          "70",
          "71",
          "74",
          "88",
          "9",
          "б/н (ТЦ «ЦДМ» - Улица Димитрова)"
        ],
        "route_count": 14
      }
    },
    {
      "type": "Feature",
      "geometry": {
        "type": "Point",
        "coordinates": [
          39.2153737,
          51.6812189
        ]
      },
      "properties": {
        "name": "Железнодорожная поликлиника",
        "is_terminal": false,
        "routes": [
          "10",
          "12",
          "1кв",
          "26",
          "3",
          "44",
          "50",
          "51",
          "70",
          "71",
          "74",
          "88",
          "9"
        ],
        "route_count": 13
      }
    },
    {
      "type": "Feature",
      "geometry": {
        "type": "Point",
        "coordinates": [
          39.2676634,
          51.6478189
        ]
      },
      "properties": {
        "name": "Железнодорожный переезд",
        "is_terminal": false,
        "routes": [
          "36",
          "41",
          "43",
          "6",
          "65",
          "8"
        ],
        "route_count": 6
      }
    },
    {
      "type": "Feature",
      "geometry": {
        "type": "Point",
        "coordinates": [
          39.2674032,
          51.647744
        ]
      },
      "properties": {
        "name": "Железнодорожный переезд",
        "is_terminal": false,
        "routes": [
          "36",
          "41",
          "43",
          "6",
          "65",
          "8"
        ],
        "route_count": 6
      }
    },
    {
      "type": "Feature",
      "geometry": {
        "type": "Point",
        "coordinates": [
          39.1338533,
          51.6788539
        ]
      },
      "properties": {
        "name": "Жемчужная улица",
        "is_terminal": false,
        "routes": [
          "17",
          "54",
          "57",
          "58",
          "60",
          "61",
          "67",
          "8",
          "с76"
        ],
        "route_count": 9
      }
    },
    {
      "type": "Feature",
      "geometry": {
        "type": "Point",
        "coordinates": [
          39.1331452,
          51.6788373
        ]
      },
      "properties": {
        "name": "Жемчужная улица",
        "is_terminal": false,
        "routes": [
          "17",
          "54",
          "57",
          "58",
          "60",
          "61",
          "8",
          "с76"
        ],
        "route_count": 8
      }
    },
    {
      "type": "Feature",
      "geometry": {
        "type": "Point",
        "coordinates": [
          39.2898023,
          51.7342513
        ]
      },
      "properties": {
        "name": "Жилой массив",
        "is_terminal": false,
        "routes": [
          "10",
          "22",
          "43",
          "52",
          "60"
        ],
        "route_count": 5
      }
    },
    {
      "type": "Feature",
      "geometry": {
        "type": "Point",
        "coordinates": [
          39.2894965,
          51.7342978
        ]
      },
      "properties": {
        "name": "Жилой массив",
        "is_terminal": false,
        "routes": [
          "60"
        ],
        "route_count": 1
      }
    },
    {
      "type": "Feature",
      "geometry": {
        "type": "Point",
        "coordinates": [
          39.1934394,
          51.713756
        ]
      },
      "properties": {
        "name": "Жилой массив Олимпийский",
        "is_terminal": false,
        "routes": [
          "234 (Воронеж - Солнечный)"
        ],
        "route_count": 1
      }
    },
    {
      "type": "Feature",
      "geometry": {
        "type": "Point",
        "coordinates": [
          39.2988601,
          51.7412457
        ]
      },
      "properties": {
        "name": "Завод «Видеофон»",
        "is_terminal": false,
        "routes": [
          "14",
          "60",
          "88",
          "90"
        ],
        "route_count": 4
      }
    },
    {
      "type": "Feature",
      "geometry": {
        "type": "Point",
        "coordinates": [
          39.2982835,
          51.7412822
        ]
      },
      "properties": {
        "name": "Завод «Видеофон»",
        "is_terminal": false,
        "routes": [
          "14",
          "60",
          "88",
          "90"
        ],
        "route_count": 4
      }
    },
    {
      "type": "Feature",
      "geometry": {
        "type": "Point",
        "coordinates": [
          39.0619701,
          51.6861363
        ]
      },
      "properties": {
        "name": "Завод ВКСМ (микрорайон Придонской)",
        "is_terminal": true,
        "routes": [
          "17",
          "60",
          "8"
        ],
        "route_count": 3
      }
    },
    {
      "type": "Feature",
      "geometry": {
        "type": "Point",
        "coordinates": [
          39.2497838,
          51.5990138
        ]
      },
      "properties": {
        "name": "Завод ГОО",
        "is_terminal": true,
        "routes": [
          "14",
          "22",
          "48",
          "49",
          "78",
          "79",
          "с68"
        ],
        "route_count": 7
      }
    },
    {
      "type": "Feature",
      "geometry": {
        "type": "Point",
        "coordinates": [
          39.24951,
          51.5985618
        ]
      },
      "properties": {
        "name": "Завод ГОО",
        "is_terminal": true,
        "routes": [
          "14",
          "22",
          "26",
          "48",
          "78",
          "79",
          "с68"
        ],
        "route_count": 7
      }
    },
    {
      "type": "Feature",
      "geometry": {
        "type": "Point",
        "coordinates": [
          39.2496173,
          51.5989412
        ]
      },
      "properties": {
        "name": "Завод ГОО",
        "is_terminal": true,
        "routes": [
          "49"
        ],
        "route_count": 1
      }
    },
    {
      "type": "Feature",
      "geometry": {
        "type": "Point",
        "coordinates": [
          39.2492169,
          51.5992258
        ]
      },
      "properties": {
        "name": "Завод ГОО (Машмет)",
        "is_terminal": true,
        "routes": [
          "16",
          "26",
          "65",
          "81",
          "87",
          "Служебный (ВОГРЭС - ЛОС)"
        ],
        "route_count": 6
      }
    },
    {
      "type": "Feature",
      "geometry": {
        "type": "Point",
        "coordinates": [
          39.2526484,
          51.5992971
        ]
      },
      "properties": {
        "name": "Завод ГОО (Машмет)",
        "is_terminal": false,
        "routes": [
          "с68"
        ],
        "route_count": 1
      }
    },
    {
      "type": "Feature",
      "geometry": {
        "type": "Point",
        "coordinates": [
          39.2522407,
          51.598524
        ]
      },
      "properties": {
        "name": "Завод ГОО (Машмет)",
        "is_terminal": false,
        "routes": [
          "с68"
        ],
        "route_count": 1
      }
    },
    {
      "type": "Feature",
      "geometry": {
        "type": "Point",
        "coordinates": [
          39.1653451,
          51.6868031
        ]
      },
      "properties": {
        "name": "Завод ТМП",
        "is_terminal": false,
        "routes": [
          "67"
        ],
        "route_count": 1
      }
    },
    {
      "type": "Feature",
      "geometry": {
        "type": "Point",
        "coordinates": [
          39.2634201,
          51.7240176
        ]
      },
      "properties": {
        "name": "Завод имени Тельмана",
        "is_terminal": true,
        "routes": [
          "10",
          "14",
          "22",
          "43",
          "52",
          "60",
          "88",
          "90"
        ],
        "route_count": 8
      }
    },
    {
      "type": "Feature",
      "geometry": {
        "type": "Point",
        "coordinates": [
          39.263463,
          51.7238581
        ]
      },
      "properties": {
        "name": "Завод имени Тельмана",
        "is_terminal": false,
        "routes": [
          "10",
          "14",
          "22",
          "43",
          "52",
          "60",
          "88",
          "90"
        ],
        "route_count": 8
      }
    },
    {
      "type": "Feature",
      "geometry": {
        "type": "Point",
        "coordinates": [
          39.2704046,
          51.6949637
        ]
      },
      "properties": {
        "name": "Заводская",
        "is_terminal": false,
        "routes": [
          "10",
          "12",
          "14",
          "21",
          "22",
          "43",
          "47",
          "52",
          "60",
          "66",
          "88",
          "90"
        ],
        "route_count": 12
      }
    },
    {
      "type": "Feature",
      "geometry": {
        "type": "Point",
        "coordinates": [
          39.2699754,
          51.6948124
        ]
      },
      "properties": {
        "name": "Заводская",
        "is_terminal": false,
        "routes": [
          "10",
          "12",
          "14",
          "21",
          "22",
          "43",
          "47",
          "52",
          "60",
          "66",
          "88",
          "90"
        ],
        "route_count": 12
      }
    },
    {
      "type": "Feature",
      "geometry": {
        "type": "Point",
        "coordinates": [
          39.3164179,
          51.5813866
        ]
      },
      "properties": {
        "name": "Заводская улица",
        "is_terminal": false,
        "routes": [
          "78"
        ],
        "route_count": 1
      }
    },
    {
      "type": "Feature",
      "geometry": {
        "type": "Point",
        "coordinates": [
          39.3160169,
          51.5811007
        ]
      },
      "properties": {
        "name": "Заводская улица",
        "is_terminal": false,
        "routes": [
          "78"
        ],
        "route_count": 1
      }
    },
    {
      "type": "Feature",
      "geometry": {
        "type": "Point",
        "coordinates": [
          39.246498,
          51.5720486
        ]
      },
      "properties": {
        "name": "Заготзерно-1",
        "is_terminal": false,
        "routes": [
          "22",
          "48",
          "79",
          "81"
        ],
        "route_count": 4
      }
    },
    {
      "type": "Feature",
      "geometry": {
        "type": "Point",
        "coordinates": [
          39.2463344,
          51.5717869
        ]
      },
      "properties": {
        "name": "Заготзерно-1",
        "is_terminal": false,
        "routes": [
          "22",
          "48",
          "79",
          "81"
        ],
        "route_count": 4
      }
    },
    {
      "type": "Feature",
      "geometry": {
        "type": "Point",
        "coordinates": [
          39.2458946,
          51.566647
        ]
      },
      "properties": {
        "name": "Заготзерно-2",
        "is_terminal": false,
        "routes": [
          "22",
          "48",
          "79",
          "81"
        ],
        "route_count": 4
      }
    },
    {
      "type": "Feature",
      "geometry": {
        "type": "Point",
        "coordinates": [
          39.2456853,
          51.566667
        ]
      },
      "properties": {
        "name": "Заготзерно-2",
        "is_terminal": false,
        "routes": [
          "22",
          "48",
          "79",
          "81"
        ],
        "route_count": 4
      }
    },
    {
      "type": "Feature",
      "geometry": {
        "type": "Point",
        "coordinates": [
          39.2109266,
          51.6416106
        ]
      },
      "properties": {
        "name": "Заозёрный переулок",
        "is_terminal": false,
        "routes": [
          "30"
        ],
        "route_count": 1
      }
    },
    {
      "type": "Feature",
      "geometry": {
        "type": "Point",
        "coordinates": [
          39.1263337,
          51.5666128
        ]
      },
      "properties": {
        "name": "Звёздный квартал",
        "is_terminal": false,
        "routes": [
          "21",
          "24",
          "83",
          "92",
          "б/н (Школа № 92 - Улица Курчатова)"
        ],
        "route_count": 5
      }
    },
    {
      "type": "Feature",
      "geometry": {
        "type": "Point",
        "coordinates": [
          39.1254258,
          51.5666536
        ]
      },
      "properties": {
        "name": "Звёздный квартал",
        "is_terminal": true,
        "routes": [
          "21",
          "23",
          "83",
          "92",
          "б/н (Школа № 92 - Улица Курчатова)"
        ],
        "route_count": 5
      }
    },
    {
      "type": "Feature",
      "geometry": {
        "type": "Point",
        "coordinates": [
          39.2359275,
          51.5523629
        ]
      },
      "properties": {
        "name": "Звёздный переулок",
        "is_terminal": false,
        "routes": [
          "22",
          "48",
          "79",
          "81"
        ],
        "route_count": 4
      }
    },
    {
      "type": "Feature",
      "geometry": {
        "type": "Point",
        "coordinates": [
          39.235847,
          51.5526347
        ]
      },
      "properties": {
        "name": "Звёздный переулок",
        "is_terminal": false,
        "routes": [
          "22",
          "48",
          "79",
          "81"
        ],
        "route_count": 4
      }
    },
    {
      "type": "Feature",
      "geometry": {
        "type": "Point",
        "coordinates": [
          39.2353642,
          51.639222
        ]
      },
      "properties": {
        "name": "Институт «Гипрокаучук»",
        "is_terminal": false,
        "routes": [
          "13",
          "14",
          "16",
          "1кс",
          "20",
          "22",
          "234 (Воронеж - Солнечный)",
          "36",
          "65",
          "72",
          "97"
        ],
        "route_count": 11
      }
    },
    {
      "type": "Feature",
      "geometry": {
        "type": "Point",
        "coordinates": [
          39.2359677,
          51.639768
        ]
      },
      "properties": {
        "name": "Институт «Гипрокаучук»",
        "is_terminal": false,
        "routes": [
          "13",
          "14",
          "16",
          "1кв",
          "20",
          "22",
          "36",
          "65",
          "72",
          "97"
        ],
        "route_count": 10
      }
    },
    {
      "type": "Feature",
      "geometry": {
        "type": "Point",
        "coordinates": [
          39.1048971,
          51.6479566
        ]
      },
      "properties": {
        "name": "Институт МВД",
        "is_terminal": false,
        "routes": [
          "6"
        ],
        "route_count": 1
      }
    },
    {
      "type": "Feature",
      "geometry": {
        "type": "Point",
        "coordinates": [
          39.1027683,
          51.6479626
        ]
      },
      "properties": {
        "name": "Институт МВД",
        "is_terminal": false,
        "routes": [
          "6"
        ],
        "route_count": 1
      }
    },
    {
      "type": "Feature",
      "geometry": {
        "type": "Point",
        "coordinates": [
          39.16641,
          51.6307367
        ]
      },
      "properties": {
        "name": "Институт МЧС",
        "is_terminal": true,
        "routes": [
          "5"
        ],
        "route_count": 1
      }
    },
    {
      "type": "Feature",
      "geometry": {
        "type": "Point",
        "coordinates": [
          39.1663831,
          51.6308449
        ]
      },
      "properties": {
        "name": "Институт МЧС",
        "is_terminal": true,
        "routes": [
          "5"
        ],
        "route_count": 1
      }
    },
    {
      "type": "Feature",
      "geometry": {
        "type": "Point",
        "coordinates": [
          39.2839294,
          51.6359129
        ]
      },
      "properties": {
        "name": "Институт ФСИН",
        "is_terminal": true,
        "routes": [
          "36",
          "41",
          "43",
          "6",
          "65",
          "8",
          "86"
        ],
        "route_count": 7
      }
    },
    {
      "type": "Feature",
      "geometry": {
        "type": "Point",
        "coordinates": [
          39.2841241,
          51.6357711
        ]
      },
      "properties": {
        "name": "Институт ФСИН",
        "is_terminal": true,
        "routes": [
          "36",
          "41",
          "43",
          "6",
          "65",
          "8",
          "86"
        ],
        "route_count": 7
      }
    },
    {
      "type": "Feature",
      "geometry": {
        "type": "Point",
        "coordinates": [
          39.2009515,
          51.7260645
        ]
      },
      "properties": {
        "name": "Институт генетики",
        "is_terminal": false,
        "routes": [
          "16",
          "3",
          "47",
          "50",
          "9"
        ],
        "route_count": 5
      }
    },
    {
      "type": "Feature",
      "geometry": {
        "type": "Point",
        "coordinates": [
          39.2016944,
          51.7259067
        ]
      },
      "properties": {
        "name": "Институт генетики",
        "is_terminal": false,
        "routes": [
          "16",
          "234 (Воронеж - Солнечный)",
          "3",
          "47",
          "50",
          "9"
        ],
        "route_count": 6
      }
    },
    {
      "type": "Feature",
      "geometry": {
        "type": "Point",
        "coordinates": [
          39.1595113,
          51.7060334
        ]
      },
      "properties": {
        "name": "Институт искусств",
        "is_terminal": false,
        "routes": [
          "15",
          "16",
          "25",
          "38",
          "40",
          "47",
          "5",
          "57",
          "58",
          "90"
        ],
        "route_count": 10
      }
    },
    {
      "type": "Feature",
      "geometry": {
        "type": "Point",
        "coordinates": [
          39.1592579,
          51.7058829
        ]
      },
      "properties": {
        "name": "Институт искусств",
        "is_terminal": false,
        "routes": [
          "16",
          "25",
          "38",
          "40",
          "47",
          "5",
          "54",
          "57",
          "58",
          "90"
        ],
        "route_count": 10
      }
    },
    {
      "type": "Feature",
      "geometry": {
        "type": "Point",
        "coordinates": [
          39.175939,
          51.6280687
        ]
      },
      "properties": {
        "name": "Интернат",
        "is_terminal": false,
        "routes": [
          "21",
          "24",
          "51",
          "83",
          "85",
          "92",
          "с76",
          "с93"
        ],
        "route_count": 8
      }
    },
    {
      "type": "Feature",
      "geometry": {
        "type": "Point",
        "coordinates": [
          39.1758174,
          51.6279186
        ]
      },
      "properties": {
        "name": "Интернат",
        "is_terminal": false,
        "routes": [
          "21",
          "23",
          "51",
          "83",
          "85",
          "92",
          "с76",
          "с93"
        ],
        "route_count": 8
      }
    },
    {
      "type": "Feature",
      "geometry": {
        "type": "Point",
        "coordinates": [
          39.0935719,
          51.6751915
        ]
      },
      "properties": {
        "name": "КПД-2",
        "is_terminal": false,
        "routes": [
          "17"
        ],
        "route_count": 1
      }
    },
    {
      "type": "Feature",
      "geometry": {
        "type": "Point",
        "coordinates": [
          39.3558624,
          51.7331499
        ]
      },
      "properties": {
        "name": "Кадетская школа",
        "is_terminal": true,
        "routes": [
          "б/н (Кинотеатр \"Спартак\" - Кадетская школа имени Суворова)",
          "б/н (Музей Диорама - Кадетская школа имени Суворова)"
        ],
        "route_count": 2
      }
    },
    {
      "type": "Feature",
      "geometry": {
        "type": "Point",
        "coordinates": [
          39.3557766,
          51.7331383
        ]
      },
      "properties": {
        "name": "Кадетская школа",
        "is_terminal": true,
        "routes": [
          "б/н (Кинотеатр \"Спартак\" - Кадетская школа имени Суворова)",
          "б/н (Музей Диорама - Кадетская школа имени Суворова)"
        ],
        "route_count": 2
      }
    },
    {
      "type": "Feature",
      "geometry": {
        "type": "Point",
        "coordinates": [
          39.2848,
          51.7389719
        ]
      },
      "properties": {
        "name": "Калининградская улица",
        "is_terminal": false,
        "routes": [
          "10",
          "14",
          "22",
          "43",
          "52",
          "88",
          "90"
        ],
        "route_count": 7
      }
    },
    {
      "type": "Feature",
      "geometry": {
        "type": "Point",
        "coordinates": [
          39.2852828,
          51.7388739
        ]
      },
      "properties": {
        "name": "Калининградская улица",
        "is_terminal": false,
        "routes": [
          "14",
          "88",
          "90"
        ],
        "route_count": 3
      }
    },
    {
      "type": "Feature",
      "geometry": {
        "type": "Point",
        "coordinates": [
          39.3312451,
          51.7438631
        ]
      },
      "properties": {
        "name": "Каспийская улица",
        "is_terminal": false,
        "routes": [
          "60",
          "90"
        ],
        "route_count": 2
      }
    },
    {
      "type": "Feature",
      "geometry": {
        "type": "Point",
        "coordinates": [
          39.3307087,
          51.7437353
        ]
      },
      "properties": {
        "name": "Каспийская улица",
        "is_terminal": false,
        "routes": [
          "90"
        ],
        "route_count": 1
      }
    },
    {
      "type": "Feature",
      "geometry": {
        "type": "Point",
        "coordinates": [
          39.1570893,
          51.6758585
        ]
      },
      "properties": {
        "name": "Керамическая улица",
        "is_terminal": false,
        "routes": [
          "57",
          "66"
        ],
        "route_count": 2
      }
    },
    {
      "type": "Feature",
      "geometry": {
        "type": "Point",
        "coordinates": [
          39.1567969,
          51.6756756
        ]
      },
      "properties": {
        "name": "Керамическая улица",
        "is_terminal": false,
        "routes": [
          "57",
          "66",
          "67"
        ],
        "route_count": 3
      }
    },
    {
      "type": "Feature",
      "geometry": {
        "type": "Point",
        "coordinates": [
          39.1536427,
          51.6604008
        ]
      },
      "properties": {
        "name": "Керамический завод",
        "is_terminal": false,
        "routes": [
          "10",
          "17",
          "33",
          "36",
          "66"
        ],
        "route_count": 5
      }
    },
    {
      "type": "Feature",
      "geometry": {
        "type": "Point",
        "coordinates": [
          39.154281,
          51.6600731
        ]
      },
      "properties": {
        "name": "Керамический завод",
        "is_terminal": false,
        "routes": [
          "10",
          "17",
          "33",
          "36",
          "66"
        ],
        "route_count": 5
      }
    },
    {
      "type": "Feature",
      "geometry": {
        "type": "Point",
        "coordinates": [
          39.154049,
          51.6614249
        ]
      },
      "properties": {
        "name": "Керамический завод",
        "is_terminal": false,
        "routes": [
          "77"
        ],
        "route_count": 1
      }
    },
    {
      "type": "Feature",
      "geometry": {
        "type": "Point",
        "coordinates": [
          39.1537204,
          51.6614856
        ]
      },
      "properties": {
        "name": "Керамический завод",
        "is_terminal": false,
        "routes": [
          "77"
        ],
        "route_count": 1
      }
    },
    {
      "type": "Feature",
      "geometry": {
        "type": "Point",
        "coordinates": [
          39.2297477,
          51.7089055
        ]
      },
      "properties": {
        "name": "Кинопрокат",
        "is_terminal": false,
        "routes": [
          "16",
          "3",
          "47",
          "50",
          "71",
          "9"
        ],
        "route_count": 6
      }
    },
    {
      "type": "Feature",
      "geometry": {
        "type": "Point",
        "coordinates": [
          39.2269474,
          51.7090434
        ]
      },
      "properties": {
        "name": "Кинопрокат",
        "is_terminal": false,
        "routes": [
          "16",
          "234 (Воронеж - Солнечный)",
          "3",
          "47",
          "50",
          "71",
          "9"
        ],
        "route_count": 7
      }
    },
    {
      "type": "Feature",
      "geometry": {
        "type": "Point",
        "coordinates": [
          39.2031991,
          51.6618974
        ]
      },
      "properties": {
        "name": "Кинотеатр «Спартак»",
        "is_terminal": true,
        "routes": [
          "1кс",
          "20",
          "21",
          "3",
          "32",
          "41",
          "44",
          "50",
          "51",
          "52",
          "59",
          "70",
          "71",
          "8",
          "83",
          "86",
          "88",
          "9",
          "90",
          "97",
          "б/н (Кинотеатр \"Спартак\" - Кадетская школа имени Суворова)"
        ],
        "route_count": 21
      }
    },
    {
      "type": "Feature",
      "geometry": {
        "type": "Point",
        "coordinates": [
          39.3192878,
          51.6889931
        ]
      },
      "properties": {
        "name": "Кладбище",
        "is_terminal": false,
        "routes": [
          "59"
        ],
        "route_count": 1
      }
    },
    {
      "type": "Feature",
      "geometry": {
        "type": "Point",
        "coordinates": [
          39.3190974,
          51.6891527
        ]
      },
      "properties": {
        "name": "Кладбище",
        "is_terminal": false,
        "routes": [
          "59"
        ],
        "route_count": 1
      }
    },
    {
      "type": "Feature",
      "geometry": {
        "type": "Point",
        "coordinates": [
          39.0768349,
          51.6835588
        ]
      },
      "properties": {
        "name": "Клуб",
        "is_terminal": false,
        "routes": [
          "17",
          "60",
          "8"
        ],
        "route_count": 3
      }
    },
    {
      "type": "Feature",
      "geometry": {
        "type": "Point",
        "coordinates": [
          39.0770254,
          51.6835056
        ]
      },
      "properties": {
        "name": "Клуб",
        "is_terminal": false,
        "routes": [
          "17",
          "60",
          "8"
        ],
        "route_count": 3
      }
    },
    {
      "type": "Feature",
      "geometry": {
        "type": "Point",
        "coordinates": [
          39.2396128,
          51.556874
        ]
      },
      "properties": {
        "name": "Клуб",
        "is_terminal": false,
        "routes": [
          "22",
          "48",
          "79",
          "81"
        ],
        "route_count": 4
      }
    },
    {
      "type": "Feature",
      "geometry": {
        "type": "Point",
        "coordinates": [
          39.2384997,
          51.5562603
        ]
      },
      "properties": {
        "name": "Клуб",
        "is_terminal": false,
        "routes": [
          "22",
          "48",
          "79",
          "81"
        ],
        "route_count": 4
      }
    },
    {
      "type": "Feature",
      "geometry": {
        "type": "Point",
        "coordinates": [
          39.1275957,
          51.6809628
        ]
      },
      "properties": {
        "name": "Колледж",
        "is_terminal": false,
        "routes": [
          "17",
          "54",
          "57",
          "58",
          "60",
          "61",
          "67",
          "8",
          "с76"
        ],
        "route_count": 9
      }
    },
    {
      "type": "Feature",
      "geometry": {
        "type": "Point",
        "coordinates": [
          39.1274562,
          51.6808114
        ]
      },
      "properties": {
        "name": "Колледж",
        "is_terminal": false,
        "routes": [
          "17",
          "54",
          "57",
          "58",
          "60",
          "61",
          "8",
          "с76"
        ],
        "route_count": 8
      }
    },
    {
      "type": "Feature",
      "geometry": {
        "type": "Point",
        "coordinates": [
          39.2439044,
          51.5967279
        ]
      },
      "properties": {
        "name": "Колледж № 4",
        "is_terminal": false,
        "routes": [
          "16",
          "26",
          "49",
          "81",
          "87"
        ],
        "route_count": 5
      }
    },
    {
      "type": "Feature",
      "geometry": {
        "type": "Point",
        "coordinates": [
          39.0824005,
          51.5496176
        ]
      },
      "properties": {
        "name": "Колокололитейный завод",
        "is_terminal": false,
        "routes": [
          "23"
        ],
        "route_count": 1
      }
    },
    {
      "type": "Feature",
      "geometry": {
        "type": "Point",
        "coordinates": [
          39.0829691,
          51.5493457
        ]
      },
      "properties": {
        "name": "Колокололитейный завод",
        "is_terminal": false,
        "routes": [
          "24"
        ],
        "route_count": 1
      }
    },
    {
      "type": "Feature",
      "geometry": {
        "type": "Point",
        "coordinates": [
          39.1909616,
          51.669338
        ]
      },
      "properties": {
        "name": "Кольцовская улица",
        "is_terminal": false,
        "routes": [
          "25",
          "27",
          "35",
          "37",
          "41",
          "45",
          "49",
          "5",
          "55",
          "57",
          "58",
          "60",
          "63",
          "69",
          "7",
          "8",
          "80",
          "9",
          "90",
          "94",
          "95",
          "97",
          "99",
          "с76"
        ],
        "route_count": 24
      }
    },
    {
      "type": "Feature",
      "geometry": {
        "type": "Point",
        "coordinates": [
          39.1907711,
          51.669175
        ]
      },
      "properties": {
        "name": "Кольцовская улица",
        "is_terminal": false,
        "routes": [
          "25",
          "27",
          "35",
          "37",
          "41",
          "45",
          "49",
          "5",
          "55",
          "57",
          "58",
          "60",
          "63",
          "69",
          "7",
          "8",
          "80",
          "9",
          "90",
          "94",
          "95",
          "97",
          "99",
          "с76"
        ],
        "route_count": 24
      }
    },
    {
      "type": "Feature",
      "geometry": {
        "type": "Point",
        "coordinates": [
          39.2013404,
          51.6621279
        ]
      },
      "properties": {
        "name": "Кольцовский сквер",
        "is_terminal": true,
        "routes": [
          "1кв",
          "20",
          "21",
          "27",
          "3",
          "30",
          "32",
          "33",
          "41",
          "44",
          "50",
          "51",
          "52",
          "70",
          "71",
          "8",
          "83",
          "86",
          "88",
          "9",
          "90",
          "97"
        ],
        "route_count": 22
      }
    },
    {
      "type": "Feature",
      "geometry": {
        "type": "Point",
        "coordinates": [
          39.1824979,
          51.6637417
        ]
      },
      "properties": {
        "name": "Комсомольский сквер",
        "is_terminal": false,
        "routes": [
          "54",
          "61",
          "95"
        ],
        "route_count": 3
      }
    },
    {
      "type": "Feature",
      "geometry": {
        "type": "Point",
        "coordinates": [
          39.283019,
          51.7025394
        ]
      },
      "properties": {
        "name": "Кооператив «Рубин»",
        "is_terminal": false,
        "routes": [
          "12",
          "47"
        ],
        "route_count": 2
      }
    },
    {
      "type": "Feature",
      "geometry": {
        "type": "Point",
        "coordinates": [
          39.2842501,
          51.7023333
        ]
      },
      "properties": {
        "name": "Кооператив «Рубин»",
        "is_terminal": false,
        "routes": [
          "47"
        ],
        "route_count": 1
      }
    },
    {
      "type": "Feature",
      "geometry": {
        "type": "Point",
        "coordinates": [
          39.1374663,
          51.648408
        ]
      },
      "properties": {
        "name": "Кооперативная",
        "is_terminal": false,
        "routes": [
          "12",
          "17",
          "37",
          "50",
          "54",
          "66",
          "72",
          "85"
        ],
        "route_count": 8
      }
    },
    {
      "type": "Feature",
      "geometry": {
        "type": "Point",
        "coordinates": [
          39.1360608,
          51.6493949
        ]
      },
      "properties": {
        "name": "Кооперативная",
        "is_terminal": false,
        "routes": [
          "15",
          "с76"
        ],
        "route_count": 2
      }
    },
    {
      "type": "Feature",
      "geometry": {
        "type": "Point",
        "coordinates": [
          39.1588381,
          51.6553076
        ]
      },
      "properties": {
        "name": "Кооперативный институт",
        "is_terminal": false,
        "routes": [
          "10",
          "33",
          "36",
          "66"
        ],
        "route_count": 4
      }
    },
    {
      "type": "Feature",
      "geometry": {
        "type": "Point",
        "coordinates": [
          39.1600706,
          51.6544106
        ]
      },
      "properties": {
        "name": "Кооперативный институт",
        "is_terminal": false,
        "routes": [
          "10",
          "33",
          "36"
        ],
        "route_count": 3
      }
    },
    {
      "type": "Feature",
      "geometry": {
        "type": "Point",
        "coordinates": [
          39.1465546,
          51.6806412
        ]
      },
      "properties": {
        "name": "Краснодонская улица",
        "is_terminal": false,
        "routes": [
          "67"
        ],
        "route_count": 1
      }
    },
    {
      "type": "Feature",
      "geometry": {
        "type": "Point",
        "coordinates": [
          39.1184422,
          51.6565594
        ]
      },
      "properties": {
        "name": "Краснозвёздная улица",
        "is_terminal": false,
        "routes": [
          "71"
        ],
        "route_count": 1
      }
    },
    {
      "type": "Feature",
      "geometry": {
        "type": "Point",
        "coordinates": [
          39.1177145,
          51.6569932
        ]
      },
      "properties": {
        "name": "Краснозвёздная улица",
        "is_terminal": false,
        "routes": [
          "71"
        ],
        "route_count": 1
      }
    },
    {
      "type": "Feature",
      "geometry": {
        "type": "Point",
        "coordinates": [
          39.1727588,
          51.6352567
        ]
      },
      "properties": {
        "name": "Краснознамённая улица",
        "is_terminal": false,
        "routes": [
          "5",
          "80"
        ],
        "route_count": 2
      }
    },
    {
      "type": "Feature",
      "geometry": {
        "type": "Point",
        "coordinates": [
          39.1729312,
          51.6356179
        ]
      },
      "properties": {
        "name": "Краснознамённая улица",
        "is_terminal": false,
        "routes": [
          "5"
        ],
        "route_count": 1
      }
    },
    {
      "type": "Feature",
      "geometry": {
        "type": "Point",
        "coordinates": [
          39.1728634,
          51.6367849
        ]
      },
      "properties": {
        "name": "Краснознамённая улица",
        "is_terminal": false,
        "routes": [
          "21",
          "24",
          "51",
          "83",
          "92",
          "с93"
        ],
        "route_count": 6
      }
    },
    {
      "type": "Feature",
      "geometry": {
        "type": "Point",
        "coordinates": [
          39.1722429,
          51.6348901
        ]
      },
      "properties": {
        "name": "Краснознамённая улица",
        "is_terminal": false,
        "routes": [
          "21",
          "23",
          "51",
          "83",
          "85",
          "92",
          "с76",
          "с93"
        ],
        "route_count": 8
      }
    },
    {
      "type": "Feature",
      "geometry": {
        "type": "Point",
        "coordinates": [
          39.1711521,
          51.6360558
        ]
      },
      "properties": {
        "name": "Краснознамённая улица",
        "is_terminal": false,
        "routes": [
          "80",
          "85",
          "с76"
        ],
        "route_count": 3
      }
    },
    {
      "type": "Feature",
      "geometry": {
        "type": "Point",
        "coordinates": [
          39.1655838,
          51.6655152
        ]
      },
      "properties": {
        "name": "Крымская улица",
        "is_terminal": false,
        "routes": [
          "77"
        ],
        "route_count": 1
      }
    },
    {
      "type": "Feature",
      "geometry": {
        "type": "Point",
        "coordinates": [
          39.1650984,
          51.6654353
        ]
      },
      "properties": {
        "name": "Крымская улица",
        "is_terminal": false,
        "routes": [
          "77"
        ],
        "route_count": 1
      }
    },
    {
      "type": "Feature",
      "geometry": {
        "type": "Point",
        "coordinates": [
          39.2668211,
          51.735341
        ]
      },
      "properties": {
        "name": "Культурный центр «Октябрь»",
        "is_terminal": false,
        "routes": [
          "10",
          "14",
          "22",
          "43",
          "52",
          "88",
          "90"
        ],
        "route_count": 7
      }
    },
    {
      "type": "Feature",
      "geometry": {
        "type": "Point",
        "coordinates": [
          39.266966,
          51.735816
        ]
      },
      "properties": {
        "name": "Культурный центр «Октябрь»",
        "is_terminal": false,
        "routes": [
          "14",
          "88",
          "90"
        ],
        "route_count": 3
      }
    },
    {
      "type": "Feature",
      "geometry": {
        "type": "Point",
        "coordinates": [
          39.2208347,
          51.5975427
        ]
      },
      "properties": {
        "name": "ЛОС",
        "is_terminal": true,
        "routes": [
          "Служебный (ВОГРЭС - ЛОС)"
        ],
        "route_count": 1
      }
    },
    {
      "type": "Feature",
      "geometry": {
        "type": "Point",
        "coordinates": [
          39.1108239,
          51.6329759
        ]
      },
      "properties": {
        "name": "Лазурная улица",
        "is_terminal": false,
        "routes": [
          "55"
        ],
        "route_count": 1
      }
    },
    {
      "type": "Feature",
      "geometry": {
        "type": "Point",
        "coordinates": [
          39.112283,
          51.6325031
        ]
      },
      "properties": {
        "name": "Лазурная улица",
        "is_terminal": false,
        "routes": [
          "55"
        ],
        "route_count": 1
      }
    },
    {
      "type": "Feature",
      "geometry": {
        "type": "Point",
        "coordinates": [
          39.0983114,
          51.6916767
        ]
      },
      "properties": {
        "name": "Лесное кладбище",
        "is_terminal": false,
        "routes": [
          "82"
        ],
        "route_count": 1
      }
    },
    {
      "type": "Feature",
      "geometry": {
        "type": "Point",
        "coordinates": [
          39.0987164,
          51.691261
        ]
      },
      "properties": {
        "name": "Лесное кладбище",
        "is_terminal": false,
        "routes": [
          "82"
        ],
        "route_count": 1
      }
    },
    {
      "type": "Feature",
      "geometry": {
        "type": "Point",
        "coordinates": [
          39.2235786,
          51.72053
        ]
      },
      "properties": {
        "name": "Лесотехнический университет",
        "is_terminal": false,
        "routes": [
          "16",
          "3",
          "47",
          "50",
          "71",
          "9"
        ],
        "route_count": 6
      }
    },
    {
      "type": "Feature",
      "geometry": {
        "type": "Point",
        "coordinates": [
          39.2202285,
          51.7187604
        ]
      },
      "properties": {
        "name": "Лесотехнический университет",
        "is_terminal": false,
        "routes": [
          "16",
          "234 (Воронеж - Солнечный)",
          "3",
          "47",
          "50",
          "71",
          "9"
        ],
        "route_count": 7
      }
    },
    {
      "type": "Feature",
      "geometry": {
        "type": "Point",
        "coordinates": [
          39.1882887,
          51.663532
        ]
      },
      "properties": {
        "name": "Луч",
        "is_terminal": false,
        "routes": [
          "10",
          "12",
          "23",
          "24",
          "26",
          "55",
          "6",
          "80",
          "95",
          "с93"
        ],
        "route_count": 10
      }
    },
    {
      "type": "Feature",
      "geometry": {
        "type": "Point",
        "coordinates": [
          39.1884094,
          51.6631827
        ]
      },
      "properties": {
        "name": "Луч",
        "is_terminal": false,
        "routes": [
          "10",
          "12",
          "23",
          "24",
          "26",
          "55",
          "6",
          "61",
          "95",
          "с93"
        ],
        "route_count": 10
      }
    },
    {
      "type": "Feature",
      "geometry": {
        "type": "Point",
        "coordinates": [
          39.1873312,
          51.6631377
        ]
      },
      "properties": {
        "name": "Луч",
        "is_terminal": false,
        "routes": [
          "54",
          "61"
        ],
        "route_count": 2
      }
    },
    {
      "type": "Feature",
      "geometry": {
        "type": "Point",
        "coordinates": [
          39.3042433,
          51.5764961
        ]
      },
      "properties": {
        "name": "Лысая гора",
        "is_terminal": false,
        "routes": [
          "78"
        ],
        "route_count": 1
      }
    },
    {
      "type": "Feature",
      "geometry": {
        "type": "Point",
        "coordinates": [
          39.3037002,
          51.5766603
        ]
      },
      "properties": {
        "name": "Лысая гора",
        "is_terminal": false,
        "routes": [
          "78"
        ],
        "route_count": 1
      }
    },
    {
      "type": "Feature",
      "geometry": {
        "type": "Point",
        "coordinates": [
          39.1335422,
          51.569858
        ]
      },
      "properties": {
        "name": "МЧС",
        "is_terminal": false,
        "routes": [
          "21",
          "24",
          "83",
          "92"
        ],
        "route_count": 4
      }
    },
    {
      "type": "Feature",
      "geometry": {
        "type": "Point",
        "coordinates": [
          39.1335449,
          51.5701731
        ]
      },
      "properties": {
        "name": "МЧС",
        "is_terminal": false,
        "routes": [
          "21",
          "23",
          "83",
          "92"
        ],
        "route_count": 4
      }
    },
    {
      "type": "Feature",
      "geometry": {
        "type": "Point",
        "coordinates": [
          39.2328215,
          51.704195
        ]
      },
      "properties": {
        "name": "Магазин",
        "is_terminal": false,
        "routes": [
          "16",
          "3",
          "47",
          "50",
          "70",
          "71",
          "9"
        ],
        "route_count": 7
      }
    },
    {
      "type": "Feature",
      "geometry": {
        "type": "Point",
        "coordinates": [
          39.2778745,
          51.7392194
        ]
      },
      "properties": {
        "name": "Магазин",
        "is_terminal": false,
        "routes": [
          "10",
          "14",
          "22",
          "43",
          "52",
          "88",
          "90"
        ],
        "route_count": 7
      }
    },
    {
      "type": "Feature",
      "geometry": {
        "type": "Point",
        "coordinates": [
          39.2782822,
          51.7391164
        ]
      },
      "properties": {
        "name": "Магазин",
        "is_terminal": false,
        "routes": [
          "14",
          "88",
          "90"
        ],
        "route_count": 3
      }
    },
    {
      "type": "Feature",
      "geometry": {
        "type": "Point",
        "coordinates": [
          39.2334571,
          51.5359905
        ]
      },
      "properties": {
        "name": "Магазин",
        "is_terminal": false,
        "routes": [
          "22",
          "81"
        ],
        "route_count": 2
      }
    },
    {
      "type": "Feature",
      "geometry": {
        "type": "Point",
        "coordinates": [
          39.233087,
          51.535495
        ]
      },
      "properties": {
        "name": "Магазин",
        "is_terminal": false,
        "routes": [
          "22",
          "81"
        ],
        "route_count": 2
      }
    },
    {
      "type": "Feature",
      "geometry": {
        "type": "Point",
        "coordinates": [
          39.1494792,
          51.5242836
        ]
      },
      "properties": {
        "name": "Магазин",
        "is_terminal": false,
        "routes": [
          "48",
          "79",
          "92"
        ],
        "route_count": 3
      }
    },
    {
      "type": "Feature",
      "geometry": {
        "type": "Point",
        "coordinates": [
          39.1496079,
          51.5242703
        ]
      },
      "properties": {
        "name": "Магазин",
        "is_terminal": false,
        "routes": [
          "48",
          "79",
          "92"
        ],
        "route_count": 3
      }
    },
    {
      "type": "Feature",
      "geometry": {
        "type": "Point",
        "coordinates": [
          39.3502191,
          51.731934
        ]
      },
      "properties": {
        "name": "Магазин",
        "is_terminal": false,
        "routes": [
          "с53"
        ],
        "route_count": 1
      }
    },
    {
      "type": "Feature",
      "geometry": {
        "type": "Point",
        "coordinates": [
          39.3500555,
          51.7318891
        ]
      },
      "properties": {
        "name": "Магазин",
        "is_terminal": false,
        "routes": [
          "с53"
        ],
        "route_count": 1
      }
    },
    {
      "type": "Feature",
      "geometry": {
        "type": "Point",
        "coordinates": [
          39.0900247,
          51.5528599
        ]
      },
      "properties": {
        "name": "Магазин (микрорайон Шилово)",
        "is_terminal": true,
        "routes": [
          "23",
          "83"
        ],
        "route_count": 2
      }
    },
    {
      "type": "Feature",
      "geometry": {
        "type": "Point",
        "coordinates": [
          39.0900783,
          51.5527648
        ]
      },
      "properties": {
        "name": "Магазин (микрорайон Шилово)",
        "is_terminal": true,
        "routes": [
          "24",
          "83"
        ],
        "route_count": 2
      }
    },
    {
      "type": "Feature",
      "geometry": {
        "type": "Point",
        "coordinates": [
          39.1730605,
          51.7150397
        ]
      },
      "properties": {
        "name": "Магазин «Витязь»",
        "is_terminal": false,
        "routes": [
          "15",
          "18",
          "27",
          "54",
          "57",
          "58",
          "82"
        ],
        "route_count": 7
      }
    },
    {
      "type": "Feature",
      "geometry": {
        "type": "Point",
        "coordinates": [
          39.1733462,
          51.7149117
        ]
      },
      "properties": {
        "name": "Магазин «Витязь»",
        "is_terminal": false,
        "routes": [
          "18",
          "54",
          "57",
          "58"
        ],
        "route_count": 4
      }
    },
    {
      "type": "Feature",
      "geometry": {
        "type": "Point",
        "coordinates": [
          39.1742152,
          51.6494482
        ]
      },
      "properties": {
        "name": "Магазин «Колос»",
        "is_terminal": false,
        "routes": [
          "37",
          "50",
          "72"
        ],
        "route_count": 3
      }
    },
    {
      "type": "Feature",
      "geometry": {
        "type": "Point",
        "coordinates": [
          39.1740301,
          51.6495744
        ]
      },
      "properties": {
        "name": "Магазин «Колос»",
        "is_terminal": false,
        "routes": [
          "37",
          "50",
          "72"
        ],
        "route_count": 3
      }
    },
    {
      "type": "Feature",
      "geometry": {
        "type": "Point",
        "coordinates": [
          39.1287357,
          51.6463726
        ]
      },
      "properties": {
        "name": "Магазин «Курский»",
        "is_terminal": false,
        "routes": [
          "27",
          "55",
          "6",
          "80",
          "81",
          "87"
        ],
        "route_count": 6
      }
    },
    {
      "type": "Feature",
      "geometry": {
        "type": "Point",
        "coordinates": [
          39.1280437,
          51.6459765
        ]
      },
      "properties": {
        "name": "Магазин «Курский»",
        "is_terminal": false,
        "routes": [
          "27",
          "55",
          "6",
          "80",
          "81",
          "87"
        ],
        "route_count": 6
      }
    },
    {
      "type": "Feature",
      "geometry": {
        "type": "Point",
        "coordinates": [
          39.1353905,
          51.6513454
        ]
      },
      "properties": {
        "name": "Магазин «Мелодия»",
        "is_terminal": false,
        "routes": [
          "17"
        ],
        "route_count": 1
      }
    },
    {
      "type": "Feature",
      "geometry": {
        "type": "Point",
        "coordinates": [
          39.1348135,
          51.6516349
        ]
      },
      "properties": {
        "name": "Магазин «Мелодия»",
        "is_terminal": false,
        "routes": [
          "20",
          "23",
          "37",
          "50",
          "52",
          "70",
          "85",
          "88",
          "95"
        ],
        "route_count": 9
      }
    },
    {
      "type": "Feature",
      "geometry": {
        "type": "Point",
        "coordinates": [
          39.134776,
          51.6517181
        ]
      },
      "properties": {
        "name": "Магазин «Мелодия»",
        "is_terminal": false,
        "routes": [
          "20",
          "24",
          "37",
          "50",
          "52",
          "70",
          "85",
          "88",
          "95"
        ],
        "route_count": 9
      }
    },
    {
      "type": "Feature",
      "geometry": {
        "type": "Point",
        "coordinates": [
          39.2367724,
          51.5976876
        ]
      },
      "properties": {
        "name": "Магазин «Росинка»",
        "is_terminal": false,
        "routes": [
          "16",
          "49"
        ],
        "route_count": 2
      }
    },
    {
      "type": "Feature",
      "geometry": {
        "type": "Point",
        "coordinates": [
          39.3216643,
          51.719892
        ]
      },
      "properties": {
        "name": "Малая Заячья Поляна",
        "is_terminal": true,
        "routes": [
          "б/н (Школа № 100 - Малая Заячья Поляна)"
        ],
        "route_count": 1
      }
    },
    {
      "type": "Feature",
      "geometry": {
        "type": "Point",
        "coordinates": [
          39.3220076,
          51.7190744
        ]
      },
      "properties": {
        "name": "Малая Заячья Поляна",
        "is_terminal": true,
        "routes": [
          "б/н (Школа № 100 - Малая Заячья Поляна)"
        ],
        "route_count": 1
      }
    },
    {
      "type": "Feature",
      "geometry": {
        "type": "Point",
        "coordinates": [
          39.2239621,
          51.6840394
        ]
      },
      "properties": {
        "name": "Мало-Терновая улица (Школа № 16)",
        "is_terminal": true,
        "routes": [
          "57",
          "58"
        ],
        "route_count": 2
      }
    },
    {
      "type": "Feature",
      "geometry": {
        "type": "Point",
        "coordinates": [
          39.2162991,
          51.6730275
        ]
      },
      "properties": {
        "name": "Манежная улица",
        "is_terminal": false,
        "routes": [
          "20",
          "21",
          "30",
          "32",
          "41",
          "52",
          "59",
          "6",
          "60",
          "63",
          "8",
          "90",
          "97",
          "б/н (ТЦ «ЦДМ» - Улица Димитрова)"
        ],
        "route_count": 14
      }
    },
    {
      "type": "Feature",
      "geometry": {
        "type": "Point",
        "coordinates": [
          39.2163822,
          51.672635
        ]
      },
      "properties": {
        "name": "Манежная улица",
        "is_terminal": false,
        "routes": [
          "20",
          "21",
          "32",
          "41",
          "52",
          "59",
          "6",
          "60",
          "63",
          "8",
          "90",
          "97"
        ],
        "route_count": 12
      }
    },
    {
      "type": "Feature",
      "geometry": {
        "type": "Point",
        "coordinates": [
          39.2350879,
          51.5506483
        ]
      },
      "properties": {
        "name": "Масловский сельсовет",
        "is_terminal": false,
        "routes": [
          "22",
          "48",
          "79",
          "81"
        ],
        "route_count": 4
      }
    },
    {
      "type": "Feature",
      "geometry": {
        "type": "Point",
        "coordinates": [
          39.2347151,
          51.5501396
        ]
      },
      "properties": {
        "name": "Масловский сельсовет",
        "is_terminal": false,
        "routes": [
          "22",
          "48",
          "79",
          "81"
        ],
        "route_count": 4
      }
    },
    {
      "type": "Feature",
      "geometry": {
        "type": "Point",
        "coordinates": [
          39.275187,
          51.657128
        ]
      },
      "properties": {
        "name": "Машснаб",
        "is_terminal": false,
        "routes": [
          "36",
          "41",
          "43",
          "6",
          "65",
          "8"
        ],
        "route_count": 6
      }
    },
    {
      "type": "Feature",
      "geometry": {
        "type": "Point",
        "coordinates": [
          39.2746881,
          51.6569366
        ]
      },
      "properties": {
        "name": "Машснаб",
        "is_terminal": false,
        "routes": [
          "36",
          "41",
          "43",
          "6",
          "65",
          "8"
        ],
        "route_count": 6
      }
    },
    {
      "type": "Feature",
      "geometry": {
        "type": "Point",
        "coordinates": [
          39.2746183,
          51.7162877
        ]
      },
      "properties": {
        "name": "Мебель Черноземья",
        "is_terminal": false,
        "routes": [
          "10",
          "14",
          "22",
          "43",
          "52",
          "60",
          "88",
          "90"
        ],
        "route_count": 8
      }
    },
    {
      "type": "Feature",
      "geometry": {
        "type": "Point",
        "coordinates": [
          39.2745513,
          51.715633
        ]
      },
      "properties": {
        "name": "Мебель Черноземья",
        "is_terminal": false,
        "routes": [
          "10",
          "14",
          "22",
          "43",
          "52",
          "60",
          "88",
          "90"
        ],
        "route_count": 8
      }
    },
    {
      "type": "Feature",
      "geometry": {
        "type": "Point",
        "coordinates": [
          39.3574154,
          51.7411444
        ]
      },
      "properties": {
        "name": "Мебельная фабрика",
        "is_terminal": false,
        "routes": [
          "90"
        ],
        "route_count": 1
      }
    },
    {
      "type": "Feature",
      "geometry": {
        "type": "Point",
        "coordinates": [
          39.3568736,
          51.7411461
        ]
      },
      "properties": {
        "name": "Мебельная фабрика",
        "is_terminal": false,
        "routes": [
          "90"
        ],
        "route_count": 1
      }
    },
    {
      "type": "Feature",
      "geometry": {
        "type": "Point",
        "coordinates": [
          39.1168387,
          51.5629546
        ]
      },
      "properties": {
        "name": "Междуреченская улица",
        "is_terminal": false,
        "routes": [
          "23",
          "83"
        ],
        "route_count": 2
      }
    },
    {
      "type": "Feature",
      "geometry": {
        "type": "Point",
        "coordinates": [
          39.1176836,
          51.5629579
        ]
      },
      "properties": {
        "name": "Междуреченская улица",
        "is_terminal": false,
        "routes": [
          "24",
          "83"
        ],
        "route_count": 2
      }
    },
    {
      "type": "Feature",
      "geometry": {
        "type": "Point",
        "coordinates": [
          39.1717529,
          51.6531626
        ]
      },
      "properties": {
        "name": "Механический завод",
        "is_terminal": false,
        "routes": [
          "10",
          "12",
          "20",
          "24",
          "27",
          "33",
          "36",
          "52",
          "54",
          "55",
          "6",
          "70",
          "81",
          "87",
          "88"
        ],
        "route_count": 15
      }
    },
    {
      "type": "Feature",
      "geometry": {
        "type": "Point",
        "coordinates": [
          39.171018,
          51.6525735
        ]
      },
      "properties": {
        "name": "Механический завод",
        "is_terminal": false,
        "routes": [
          "10",
          "12",
          "20",
          "23",
          "27",
          "33",
          "36",
          "52",
          "54",
          "55",
          "6",
          "70",
          "81",
          "87",
          "88"
        ],
        "route_count": 15
      }
    },
    {
      "type": "Feature",
      "geometry": {
        "type": "Point",
        "coordinates": [
          39.098298,
          51.6478871
        ]
      },
      "properties": {
        "name": "Микрорайон 1 Мая",
        "is_terminal": false,
        "routes": [
          "24",
          "6"
        ],
        "route_count": 2
      }
    },
    {
      "type": "Feature",
      "geometry": {
        "type": "Point",
        "coordinates": [
          39.0983784,
          51.6474144
        ]
      },
      "properties": {
        "name": "Микрорайон 1 Мая",
        "is_terminal": false,
        "routes": [
          "23",
          "6"
        ],
        "route_count": 2
      }
    },
    {
      "type": "Feature",
      "geometry": {
        "type": "Point",
        "coordinates": [
          39.2058626,
          51.7262215
        ]
      },
      "properties": {
        "name": "Микрорайон Берёзка",
        "is_terminal": false,
        "routes": [
          "16",
          "3",
          "47",
          "50",
          "9"
        ],
        "route_count": 5
      }
    },
    {
      "type": "Feature",
      "geometry": {
        "type": "Point",
        "coordinates": [
          39.2062381,
          51.7260828
        ]
      },
      "properties": {
        "name": "Микрорайон Берёзка",
        "is_terminal": false,
        "routes": [
          "16",
          "234 (Воронеж - Солнечный)",
          "3",
          "47",
          "50",
          "9"
        ],
        "route_count": 6
      }
    },
    {
      "type": "Feature",
      "geometry": {
        "type": "Point",
        "coordinates": [
          39.1903245,
          51.7133439
        ]
      },
      "properties": {
        "name": "Микрорайон Дубрава",
        "is_terminal": false,
        "routes": [
          "18",
          "234 (Воронеж - Солнечный)",
          "44",
          "51",
          "69",
          "74"
        ],
        "route_count": 6
      }
    },
    {
      "type": "Feature",
      "geometry": {
        "type": "Point",
        "coordinates": [
          39.1906169,
          51.7135961
        ]
      },
      "properties": {
        "name": "Микрорайон Дубрава",
        "is_terminal": false,
        "routes": [
          "18",
          "40",
          "44",
          "50",
          "51",
          "69",
          "74",
          "95"
        ],
        "route_count": 8
      }
    },
    {
      "type": "Feature",
      "geometry": {
        "type": "Point",
        "coordinates": [
          39.0347698,
          51.5833466
        ]
      },
      "properties": {
        "name": "Микрорайон Малышево",
        "is_terminal": false,
        "routes": [
          "23"
        ],
        "route_count": 1
      }
    },
    {
      "type": "Feature",
      "geometry": {
        "type": "Point",
        "coordinates": [
          39.03422,
          51.5838299
        ]
      },
      "properties": {
        "name": "Микрорайон Малышево",
        "is_terminal": false,
        "routes": [
          "24"
        ],
        "route_count": 1
      }
    },
    {
      "type": "Feature",
      "geometry": {
        "type": "Point",
        "coordinates": [
          39.298549,
          51.6464075
        ]
      },
      "properties": {
        "name": "Микрорайон Нефтебаза",
        "is_terminal": true,
        "routes": [
          "13",
          "38",
          "63",
          "б/н (Микрорайон Нефтебаза - Школа № 104)",
          "б/н (Микрорайон Нефтебаза - Школа № 54)",
          "б/н (Школа № 91 - микрорайон Нефтебаза)"
        ],
        "route_count": 6
      }
    },
    {
      "type": "Feature",
      "geometry": {
        "type": "Point",
        "coordinates": [
          39.3228471,
          51.588193
        ]
      },
      "properties": {
        "name": "Микрорайон Никольское",
        "is_terminal": false,
        "routes": [
          "78"
        ],
        "route_count": 1
      }
    },
    {
      "type": "Feature",
      "geometry": {
        "type": "Point",
        "coordinates": [
          39.1091904,
          51.6874101
        ]
      },
      "properties": {
        "name": "Микрорайон Новый",
        "is_terminal": false,
        "routes": [
          "17",
          "60",
          "61",
          "8",
          "82"
        ],
        "route_count": 5
      }
    },
    {
      "type": "Feature",
      "geometry": {
        "type": "Point",
        "coordinates": [
          39.1107059,
          51.6866385
        ]
      },
      "properties": {
        "name": "Микрорайон Новый",
        "is_terminal": false,
        "routes": [
          "17",
          "60",
          "61",
          "8",
          "82"
        ],
        "route_count": 5
      }
    },
    {
      "type": "Feature",
      "geometry": {
        "type": "Point",
        "coordinates": [
          39.0740508,
          51.7076656
        ]
      },
      "properties": {
        "name": "Микрорайон Подклетное",
        "is_terminal": true,
        "routes": [
          "61"
        ],
        "route_count": 1
      }
    },
    {
      "type": "Feature",
      "geometry": {
        "type": "Point",
        "coordinates": [
          39.0745202,
          51.7072667
        ]
      },
      "properties": {
        "name": "Микрорайон Подклетное",
        "is_terminal": true,
        "routes": [
          "61"
        ],
        "route_count": 1
      }
    },
    {
      "type": "Feature",
      "geometry": {
        "type": "Point",
        "coordinates": [
          39.2987797,
          51.5485084
        ]
      },
      "properties": {
        "name": "Микрорайон Подклетный",
        "is_terminal": true,
        "routes": [
          "78"
        ],
        "route_count": 1
      }
    },
    {
      "type": "Feature",
      "geometry": {
        "type": "Point",
        "coordinates": [
          39.3288767,
          51.6812599
        ]
      },
      "properties": {
        "name": "Микрорайон Репное",
        "is_terminal": true,
        "routes": [
          "59"
        ],
        "route_count": 1
      }
    },
    {
      "type": "Feature",
      "geometry": {
        "type": "Point",
        "coordinates": [
          39.329043,
          51.6813203
        ]
      },
      "properties": {
        "name": "Микрорайон Репное",
        "is_terminal": true,
        "routes": [
          "59"
        ],
        "route_count": 1
      }
    },
    {
      "type": "Feature",
      "geometry": {
        "type": "Point",
        "coordinates": [
          39.1440994,
          51.5123816
        ]
      },
      "properties": {
        "name": "Микрорайон Семилукские Выселки",
        "is_terminal": true,
        "routes": [
          "48",
          "79",
          "92"
        ],
        "route_count": 3
      }
    },
    {
      "type": "Feature",
      "geometry": {
        "type": "Point",
        "coordinates": [
          39.1443139,
          51.5122247
        ]
      },
      "properties": {
        "name": "Микрорайон Семилукские Выселки",
        "is_terminal": true,
        "routes": [
          "48",
          "79",
          "92"
        ],
        "route_count": 3
      }
    },
    {
      "type": "Feature",
      "geometry": {
        "type": "Point",
        "coordinates": [
          39.0706578,
          51.6227044
        ]
      },
      "properties": {
        "name": "Микрорайон Тенистый",
        "is_terminal": false,
        "routes": [
          "24",
          "55",
          "6"
        ],
        "route_count": 3
      }
    },
    {
      "type": "Feature",
      "geometry": {
        "type": "Point",
        "coordinates": [
          39.0702581,
          51.6224746
        ]
      },
      "properties": {
        "name": "Микрорайон Тенистый",
        "is_terminal": false,
        "routes": [
          "23",
          "55",
          "6"
        ],
        "route_count": 3
      }
    },
    {
      "type": "Feature",
      "geometry": {
        "type": "Point",
        "coordinates": [
          39.098534,
          51.5870381
        ]
      },
      "properties": {
        "name": "Микрорайон Фрунзе",
        "is_terminal": true,
        "routes": [
          "Заказной (Фрунзе - Шилово)"
        ],
        "route_count": 1
      }
    },
    {
      "type": "Feature",
      "geometry": {
        "type": "Point",
        "coordinates": [
          39.2791807,
          51.6896831
        ]
      },
      "properties": {
        "name": "Микрорайон Электроника",
        "is_terminal": true,
        "routes": [
          "12",
          "26",
          "б/н (Микрорайон Электроника - Школа № 100)",
          "б/н (Школа № 107 - микрорайон Электроника)"
        ],
        "route_count": 4
      }
    },
    {
      "type": "Feature",
      "geometry": {
        "type": "Point",
        "coordinates": [
          39.2795134,
          51.6900622
        ]
      },
      "properties": {
        "name": "Микрорайон Электроника",
        "is_terminal": true,
        "routes": [
          "12",
          "26",
          "б/н (Микрорайон Электроника - Школа № 100)",
          "б/н (Микрорайон Электроника - Школа № 74)",
          "б/н (Школа № 107 - микрорайон Электроника)"
        ],
        "route_count": 5
      }
    },
    {
      "type": "Feature",
      "geometry": {
        "type": "Point",
        "coordinates": [
          39.2600995,
          51.6799217
        ]
      },
      "properties": {
        "name": "Минская улица",
        "is_terminal": false,
        "routes": [
          "14",
          "16",
          "18",
          "1кс",
          "21",
          "22",
          "234 (Воронеж - Солнечный)",
          "32",
          "38",
          "43",
          "52",
          "59",
          "60",
          "72",
          "90",
          "б/н (ТЦ «ЦДМ» - Улица Димитрова)",
          "с53"
        ],
        "route_count": 17
      }
    },
    {
      "type": "Feature",
      "geometry": {
        "type": "Point",
        "coordinates": [
          39.2605394,
          51.680073
        ]
      },
      "properties": {
        "name": "Минская улица",
        "is_terminal": false,
        "routes": [
          "14",
          "16",
          "18",
          "1кв",
          "21",
          "22",
          "32",
          "38",
          "43",
          "52",
          "59",
          "60",
          "72",
          "90",
          "с53"
        ],
        "route_count": 15
      }
    },
    {
      "type": "Feature",
      "geometry": {
        "type": "Point",
        "coordinates": [
          39.2250109,
          51.673292
        ]
      },
      "properties": {
        "name": "Монастырский причал",
        "is_terminal": true,
        "routes": [
          "«Надежда»"
        ],
        "route_count": 1
      }
    },
    {
      "type": "Feature",
      "geometry": {
        "type": "Point",
        "coordinates": [
          39.2250028,
          51.6732454
        ]
      },
      "properties": {
        "name": "Монастырский причал",
        "is_terminal": true,
        "routes": [
          "«Надежда»"
        ],
        "route_count": 1
      }
    },
    {
      "type": "Feature",
      "geometry": {
        "type": "Point",
        "coordinates": [
          39.2905131,
          51.6551911
        ]
      },
      "properties": {
        "name": "Монтажный проезд",
        "is_terminal": false,
        "routes": [
          "13",
          "38",
          "63"
        ],
        "route_count": 3
      }
    },
    {
      "type": "Feature",
      "geometry": {
        "type": "Point",
        "coordinates": [
          39.2905051,
          51.6549814
        ]
      },
      "properties": {
        "name": "Монтажный проезд",
        "is_terminal": false,
        "routes": [
          "13",
          "38",
          "63"
        ],
        "route_count": 3
      }
    },
    {
      "type": "Feature",
      "geometry": {
        "type": "Point",
        "coordinates": [
          39.1804969,
          51.7261808
        ]
      },
      "properties": {
        "name": "Московский проспект",
        "is_terminal": false,
        "routes": [
          "16",
          "3",
          "47",
          "9"
        ],
        "route_count": 4
      }
    },
    {
      "type": "Feature",
      "geometry": {
        "type": "Point",
        "coordinates": [
          39.1837746,
          51.6981557
        ]
      },
      "properties": {
        "name": "Московский проспект",
        "is_terminal": false,
        "routes": [
          "38",
          "7",
          "95"
        ],
        "route_count": 3
      }
    },
    {
      "type": "Feature",
      "geometry": {
        "type": "Point",
        "coordinates": [
          39.1835573,
          51.6982388
        ]
      },
      "properties": {
        "name": "Московский проспект",
        "is_terminal": false,
        "routes": [
          "38"
        ],
        "route_count": 1
      }
    },
    {
      "type": "Feature",
      "geometry": {
        "type": "Point",
        "coordinates": [
          39.1810951,
          51.6950951
        ]
      },
      "properties": {
        "name": "Московский проспект",
        "is_terminal": false,
        "routes": [
          "45",
          "67"
        ],
        "route_count": 2
      }
    },
    {
      "type": "Feature",
      "geometry": {
        "type": "Point",
        "coordinates": [
          39.181897,
          51.6953162
        ]
      },
      "properties": {
        "name": "Московский проспект",
        "is_terminal": false,
        "routes": [
          "45"
        ],
        "route_count": 1
      }
    },
    {
      "type": "Feature",
      "geometry": {
        "type": "Point",
        "coordinates": [
          39.2458275,
          51.6595323
        ]
      },
      "properties": {
        "name": "Музей-диорама",
        "is_terminal": true,
        "routes": [
          "13",
          "14",
          "16",
          "1кс",
          "20",
          "22",
          "234 (Воронеж - Солнечный)",
          "36",
          "65",
          "72",
          "97",
          "б/н (Музей Диорама - Кадетская школа имени Суворова)"
        ],
        "route_count": 12
      }
    },
    {
      "type": "Feature",
      "geometry": {
        "type": "Point",
        "coordinates": [
          39.2462781,
          51.6598152
        ]
      },
      "properties": {
        "name": "Музей-диорама",
        "is_terminal": true,
        "routes": [
          "13",
          "14",
          "16",
          "1кв",
          "20",
          "22",
          "36",
          "65",
          "72",
          "97",
          "б/н (Музей Диорама - Кадетская школа имени Суворова)"
        ],
        "route_count": 11
      }
    },
    {
      "type": "Feature",
      "geometry": {
        "type": "Point",
        "coordinates": [
          39.2403558,
          51.6489522
        ]
      },
      "properties": {
        "name": "Нижняя улица",
        "is_terminal": false,
        "routes": [
          "13",
          "14",
          "16",
          "1кс",
          "20",
          "22",
          "234 (Воронеж - Солнечный)",
          "36",
          "65",
          "72",
          "97"
        ],
        "route_count": 11
      }
    },
    {
      "type": "Feature",
      "geometry": {
        "type": "Point",
        "coordinates": [
          39.2405301,
          51.6486294
        ]
      },
      "properties": {
        "name": "Нижняя улица",
        "is_terminal": false,
        "routes": [
          "13",
          "14",
          "16",
          "1кв",
          "20",
          "22",
          "36",
          "65",
          "72",
          "97"
        ],
        "route_count": 10
      }
    },
    {
      "type": "Feature",
      "geometry": {
        "type": "Point",
        "coordinates": [
          39.1947448,
          51.6659299
        ]
      },
      "properties": {
        "name": "Никитинская улица",
        "is_terminal": false,
        "routes": [
          "25",
          "27",
          "35",
          "37",
          "41",
          "45",
          "49",
          "5",
          "57",
          "58",
          "61",
          "69",
          "7",
          "8",
          "9",
          "90",
          "94",
          "97",
          "99",
          "с76"
        ],
        "route_count": 20
      }
    },
    {
      "type": "Feature",
      "geometry": {
        "type": "Point",
        "coordinates": [
          39.2962208,
          51.5775446
        ]
      },
      "properties": {
        "name": "Никольское кладбище",
        "is_terminal": false,
        "routes": [
          "78"
        ],
        "route_count": 1
      }
    },
    {
      "type": "Feature",
      "geometry": {
        "type": "Point",
        "coordinates": [
          39.2956267,
          51.577708
        ]
      },
      "properties": {
        "name": "Никольское кладбище",
        "is_terminal": false,
        "routes": [
          "78"
        ],
        "route_count": 1
      }
    },
    {
      "type": "Feature",
      "geometry": {
        "type": "Point",
        "coordinates": [
          39.1483453,
          51.6966013
        ]
      },
      "properties": {
        "name": "Новгородская улица",
        "is_terminal": false,
        "routes": [
          "16",
          "35",
          "37",
          "38",
          "45",
          "63",
          "67",
          "74"
        ],
        "route_count": 8
      }
    },
    {
      "type": "Feature",
      "geometry": {
        "type": "Point",
        "coordinates": [
          39.1490239,
          51.7009136
        ]
      },
      "properties": {
        "name": "Новгородская улица",
        "is_terminal": false,
        "routes": [
          "16",
          "35",
          "37",
          "38",
          "63",
          "74",
          "77"
        ],
        "route_count": 7
      }
    },
    {
      "type": "Feature",
      "geometry": {
        "type": "Point",
        "coordinates": [
          39.1482273,
          51.6966977
        ]
      },
      "properties": {
        "name": "Новгородская улица",
        "is_terminal": false,
        "routes": [
          "16",
          "35",
          "38",
          "63",
          "74"
        ],
        "route_count": 5
      }
    },
    {
      "type": "Feature",
      "geometry": {
        "type": "Point",
        "coordinates": [
          39.2439499,
          51.601238
        ]
      },
      "properties": {
        "name": "Новосибирская улица",
        "is_terminal": false,
        "routes": [
          "26",
          "65",
          "81",
          "86",
          "87"
        ],
        "route_count": 5
      }
    },
    {
      "type": "Feature",
      "geometry": {
        "type": "Point",
        "coordinates": [
          39.2436495,
          51.6014279
        ]
      },
      "properties": {
        "name": "Новосибирская улица",
        "is_terminal": false,
        "routes": [
          "26",
          "65",
          "81",
          "86",
          "87"
        ],
        "route_count": 5
      }
    },
    {
      "type": "Feature",
      "geometry": {
        "type": "Point",
        "coordinates": [
          39.1816939,
          51.7397288
        ]
      },
      "properties": {
        "name": "Областная больница",
        "is_terminal": true,
        "routes": [
          "16",
          "18",
          "3",
          "44",
          "47",
          "49",
          "51",
          "80",
          "9",
          "94",
          "б/н (ТД \"ЦДМ\" - Областная больница)"
        ],
        "route_count": 11
      }
    },
    {
      "type": "Feature",
      "geometry": {
        "type": "Point",
        "coordinates": [
          39.1826022,
          51.739787
        ]
      },
      "properties": {
        "name": "Областная больница",
        "is_terminal": false,
        "routes": [
          "18",
          "44",
          "49",
          "80",
          "94"
        ],
        "route_count": 5
      }
    },
    {
      "type": "Feature",
      "geometry": {
        "type": "Point",
        "coordinates": [
          39.2114577,
          51.7264284
        ]
      },
      "properties": {
        "name": "Областная детская больница № 1",
        "is_terminal": false,
        "routes": [
          "16",
          "3",
          "47",
          "50",
          "9"
        ],
        "route_count": 5
      }
    },
    {
      "type": "Feature",
      "geometry": {
        "type": "Point",
        "coordinates": [
          39.2117903,
          51.7262872
        ]
      },
      "properties": {
        "name": "Областная детская больница № 1",
        "is_terminal": false,
        "routes": [
          "16",
          "234 (Воронеж - Солнечный)",
          "3",
          "47",
          "50",
          "9"
        ],
        "route_count": 6
      }
    },
    {
      "type": "Feature",
      "geometry": {
        "type": "Point",
        "coordinates": [
          39.1737002,
          51.6870253
        ]
      },
      "properties": {
        "name": "Областной онкологический диспансер",
        "is_terminal": false,
        "routes": [
          "67"
        ],
        "route_count": 1
      }
    },
    {
      "type": "Feature",
      "geometry": {
        "type": "Point",
        "coordinates": [
          39.1318685,
          51.6984982
        ]
      },
      "properties": {
        "name": "Областной призывной пункт",
        "is_terminal": false,
        "routes": [
          "15",
          "54",
          "57",
          "58",
          "82"
        ],
        "route_count": 5
      }
    },
    {
      "type": "Feature",
      "geometry": {
        "type": "Point",
        "coordinates": [
          39.131383,
          51.6983685
        ]
      },
      "properties": {
        "name": "Областной призывной пункт",
        "is_terminal": false,
        "routes": [
          "15",
          "54",
          "57",
          "58",
          "82"
        ],
        "route_count": 5
      }
    },
    {
      "type": "Feature",
      "geometry": {
        "type": "Point",
        "coordinates": [
          39.0466842,
          51.6095456
        ]
      },
      "properties": {
        "name": "Областной психоневрологический диспансер",
        "is_terminal": false,
        "routes": [
          "24",
          "55",
          "6"
        ],
        "route_count": 3
      }
    },
    {
      "type": "Feature",
      "geometry": {
        "type": "Point",
        "coordinates": [
          39.0475318,
          51.609942
        ]
      },
      "properties": {
        "name": "Областной психоневрологический диспансер",
        "is_terminal": false,
        "routes": [
          "23",
          "55",
          "6"
        ],
        "route_count": 3
      }
    },
    {
      "type": "Feature",
      "geometry": {
        "type": "Point",
        "coordinates": [
          39.0366393,
          51.6038219
        ]
      },
      "properties": {
        "name": "Областной туберкулёзный диспансер (микрорайон Тенистый)",
        "is_terminal": true,
        "routes": [
          "24",
          "55",
          "6"
        ],
        "route_count": 3
      }
    },
    {
      "type": "Feature",
      "geometry": {
        "type": "Point",
        "coordinates": [
          39.037452,
          51.6042201
        ]
      },
      "properties": {
        "name": "Областной туберкулёзный диспансер (микрорайон Тенистый)",
        "is_terminal": true,
        "routes": [
          "23",
          "55",
          "6"
        ],
        "route_count": 3
      }
    },
    {
      "type": "Feature",
      "geometry": {
        "type": "Point",
        "coordinates": [
          39.3661648,
          51.7497035
        ]
      },
      "properties": {
        "name": "Областной центр «Буревестник»",
        "is_terminal": true,
        "routes": [
          "б/н (Школа № 56 - Дубовка)"
        ],
        "route_count": 1
      }
    },
    {
      "type": "Feature",
      "geometry": {
        "type": "Point",
        "coordinates": [
          39.3659127,
          51.7496636
        ]
      },
      "properties": {
        "name": "Областной центр «Буревестник»",
        "is_terminal": true,
        "routes": [
          "б/н (Школа № 56 - Дубовка)"
        ],
        "route_count": 1
      }
    },
    {
      "type": "Feature",
      "geometry": {
        "type": "Point",
        "coordinates": [
          39.1873068,
          51.7260155
        ]
      },
      "properties": {
        "name": "Образовательный центр «Содружество»",
        "is_terminal": false,
        "routes": [
          "40",
          "50"
        ],
        "route_count": 2
      }
    },
    {
      "type": "Feature",
      "geometry": {
        "type": "Point",
        "coordinates": [
          39.1877421,
          51.7261338
        ]
      },
      "properties": {
        "name": "Образовательный центр «Содружество»",
        "is_terminal": false,
        "routes": [
          "234 (Воронеж - Солнечный)"
        ],
        "route_count": 1
      }
    },
    {
      "type": "Feature",
      "geometry": {
        "type": "Point",
        "coordinates": [
          39.1230708,
          51.6825393
        ]
      },
      "properties": {
        "name": "Общежитие",
        "is_terminal": false,
        "routes": [
          "17",
          "54",
          "57",
          "58",
          "60",
          "61",
          "67",
          "8",
          "с76"
        ],
        "route_count": 9
      }
    },
    {
      "type": "Feature",
      "geometry": {
        "type": "Point",
        "coordinates": [
          39.1233391,
          51.6822533
        ]
      },
      "properties": {
        "name": "Общежитие",
        "is_terminal": false,
        "routes": [
          "17",
          "54",
          "57",
          "58",
          "60",
          "61",
          "8",
          "с76"
        ],
        "route_count": 8
      }
    },
    {
      "type": "Feature",
      "geometry": {
        "type": "Point",
        "coordinates": [
          39.2098993,
          51.6889831
        ]
      },
      "properties": {
        "name": "Общежитие",
        "is_terminal": false,
        "routes": [
          "18",
          "38",
          "44",
          "51",
          "74"
        ],
        "route_count": 5
      }
    },
    {
      "type": "Feature",
      "geometry": {
        "type": "Point",
        "coordinates": [
          39.2100361,
          51.6889581
        ]
      },
      "properties": {
        "name": "Общежитие",
        "is_terminal": false,
        "routes": [
          "18",
          "38",
          "44",
          "51",
          "74"
        ],
        "route_count": 5
      }
    },
    {
      "type": "Feature",
      "geometry": {
        "type": "Point",
        "coordinates": [
          39.1349396,
          51.693765
        ]
      },
      "properties": {
        "name": "Овощная база",
        "is_terminal": false,
        "routes": [
          "16",
          "35",
          "37",
          "38",
          "45",
          "63",
          "67",
          "74"
        ],
        "route_count": 8
      }
    },
    {
      "type": "Feature",
      "geometry": {
        "type": "Point",
        "coordinates": [
          39.1348296,
          51.6937118
        ]
      },
      "properties": {
        "name": "Овощная база",
        "is_terminal": false,
        "routes": [
          "16",
          "35",
          "38",
          "63",
          "74"
        ],
        "route_count": 5
      }
    },
    {
      "type": "Feature",
      "geometry": {
        "type": "Point",
        "coordinates": [
          39.1746783,
          51.6316766
        ]
      },
      "properties": {
        "name": "Одесская улица",
        "is_terminal": false,
        "routes": [
          "21",
          "24",
          "51",
          "83",
          "85",
          "92",
          "с76",
          "с93"
        ],
        "route_count": 8
      }
    },
    {
      "type": "Feature",
      "geometry": {
        "type": "Point",
        "coordinates": [
          39.1745317,
          51.6316632
        ]
      },
      "properties": {
        "name": "Одесская улица",
        "is_terminal": false,
        "routes": [
          "21",
          "23",
          "51",
          "83",
          "85",
          "92",
          "с76",
          "с93"
        ],
        "route_count": 8
      }
    },
    {
      "type": "Feature",
      "geometry": {
        "type": "Point",
        "coordinates": [
          39.1951064,
          51.7269217
        ]
      },
      "properties": {
        "name": "Опытная станция СХИ",
        "is_terminal": false,
        "routes": [
          "16",
          "3",
          "47",
          "50",
          "9"
        ],
        "route_count": 5
      }
    },
    {
      "type": "Feature",
      "geometry": {
        "type": "Point",
        "coordinates": [
          39.1959706,
          51.7268089
        ]
      },
      "properties": {
        "name": "Опытная станция СХИ",
        "is_terminal": false,
        "routes": [
          "16",
          "234 (Воронеж - Солнечный)",
          "3",
          "47",
          "50",
          "9"
        ],
        "route_count": 6
      }
    },
    {
      "type": "Feature",
      "geometry": {
        "type": "Point",
        "coordinates": [
          39.1770221,
          51.6187135
        ]
      },
      "properties": {
        "name": "Острогожская улица",
        "is_terminal": false,
        "routes": [
          "21",
          "24",
          "83",
          "85",
          "92",
          "с76",
          "с93"
        ],
        "route_count": 7
      }
    },
    {
      "type": "Feature",
      "geometry": {
        "type": "Point",
        "coordinates": [
          39.1771173,
          51.6181556
        ]
      },
      "properties": {
        "name": "Острогожская улица",
        "is_terminal": false,
        "routes": [
          "21",
          "23",
          "83",
          "85",
          "92",
          "с76",
          "с93"
        ],
        "route_count": 7
      }
    },
    {
      "type": "Feature",
      "geometry": {
        "type": "Point",
        "coordinates": [
          39.1764468,
          51.619139
        ]
      },
      "properties": {
        "name": "Острогожская улица (конечная)",
        "is_terminal": true,
        "routes": [
          "51"
        ],
        "route_count": 1
      }
    },
    {
      "type": "Feature",
      "geometry": {
        "type": "Point",
        "coordinates": [
          39.3001691,
          51.679777
        ]
      },
      "properties": {
        "name": "Остужевский рынок",
        "is_terminal": true,
        "routes": [
          "б/н (Остужевский рынок - Улица Остужева)"
        ],
        "route_count": 1
      }
    },
    {
      "type": "Feature",
      "geometry": {
        "type": "Point",
        "coordinates": [
          39.1597031,
          51.6587885
        ]
      },
      "properties": {
        "name": "ПАТП № 4",
        "is_terminal": false,
        "routes": [
          "71",
          "95"
        ],
        "route_count": 2
      }
    },
    {
      "type": "Feature",
      "geometry": {
        "type": "Point",
        "coordinates": [
          39.1594845,
          51.6588293
        ]
      },
      "properties": {
        "name": "ПАТП № 4",
        "is_terminal": false,
        "routes": [
          "71",
          "95"
        ],
        "route_count": 2
      }
    },
    {
      "type": "Feature",
      "geometry": {
        "type": "Point",
        "coordinates": [
          39.1823117,
          51.7013673
        ]
      },
      "properties": {
        "name": "Памятник Славы",
        "is_terminal": true,
        "routes": [
          "25",
          "27",
          "35",
          "37",
          "38",
          "41",
          "49",
          "5",
          "69",
          "77",
          "80",
          "9",
          "90",
          "94",
          "97",
          "99",
          "б/н (ТД \"ЦДМ\" - Областная больница)"
        ],
        "route_count": 17
      }
    },
    {
      "type": "Feature",
      "geometry": {
        "type": "Point",
        "coordinates": [
          39.1796762,
          51.702689
        ]
      },
      "properties": {
        "name": "Памятник Славы",
        "is_terminal": false,
        "routes": [
          "25",
          "35",
          "37",
          "38",
          "40",
          "41",
          "47",
          "5",
          "77",
          "90",
          "97",
          "99"
        ],
        "route_count": 12
      }
    },
    {
      "type": "Feature",
      "geometry": {
        "type": "Point",
        "coordinates": [
          39.1802421,
          51.7025327
        ]
      },
      "properties": {
        "name": "Памятник Славы",
        "is_terminal": false,
        "routes": [
          "25",
          "35",
          "37",
          "38",
          "40",
          "41",
          "47",
          "5",
          "63",
          "77",
          "90",
          "97",
          "99"
        ],
        "route_count": 13
      }
    },
    {
      "type": "Feature",
      "geometry": {
        "type": "Point",
        "coordinates": [
          39.181138,
          51.704014
        ]
      },
      "properties": {
        "name": "Памятник Славы",
        "is_terminal": false,
        "routes": [
          "27",
          "40",
          "47",
          "49",
          "51",
          "69",
          "80",
          "9",
          "94",
          "95",
          "б/н (ТД \"ЦДМ\" - Областная больница)"
        ],
        "route_count": 11
      }
    },
    {
      "type": "Feature",
      "geometry": {
        "type": "Point",
        "coordinates": [
          39.1841716,
          51.7028319
        ]
      },
      "properties": {
        "name": "Памятник Славы",
        "is_terminal": false,
        "routes": [
          "7"
        ],
        "route_count": 1
      }
    },
    {
      "type": "Feature",
      "geometry": {
        "type": "Point",
        "coordinates": [
          39.1240793,
          51.6468286
        ]
      },
      "properties": {
        "name": "Памятник Танкистам",
        "is_terminal": false,
        "routes": [
          "27",
          "55",
          "6",
          "80",
          "81",
          "87"
        ],
        "route_count": 6
      }
    },
    {
      "type": "Feature",
      "geometry": {
        "type": "Point",
        "coordinates": [
          39.1236305,
          51.6463583
        ]
      },
      "properties": {
        "name": "Памятник Танкистам",
        "is_terminal": false,
        "routes": [
          "27",
          "55",
          "6",
          "80",
          "81",
          "87"
        ],
        "route_count": 6
      }
    },
    {
      "type": "Feature",
      "geometry": {
        "type": "Point",
        "coordinates": [
          39.2508996,
          51.6855809
        ]
      },
      "properties": {
        "name": "Парк \"Дельфин\"",
        "is_terminal": true,
        "routes": [
          "б/н (Парк \"Дельфин\" - Парк \"Дельфин\")"
        ],
        "route_count": 1
      }
    },
    {
      "type": "Feature",
      "geometry": {
        "type": "Point",
        "coordinates": [
          39.2509049,
          51.6855377
        ]
      },
      "properties": {
        "name": "Парк \"Дельфин\"",
        "is_terminal": true,
        "routes": [
          "б/н (Парк \"Дельфин\" - Парк \"Дельфин\")",
          "б/н (Чернавский мост - Чернавский мост)"
        ],
        "route_count": 2
      }
    },
    {
      "type": "Feature",
      "geometry": {
        "type": "Point",
        "coordinates": [
          39.1450998,
          51.712271
        ]
      },
      "properties": {
        "name": "Парк Северный лес",
        "is_terminal": true,
        "routes": [
          "44",
          "5",
          "58"
        ],
        "route_count": 3
      }
    },
    {
      "type": "Feature",
      "geometry": {
        "type": "Point",
        "coordinates": [
          39.1453198,
          51.7119353
        ]
      },
      "properties": {
        "name": "Парк Северный лес",
        "is_terminal": true,
        "routes": [
          "44",
          "5",
          "58"
        ],
        "route_count": 3
      }
    },
    {
      "type": "Feature",
      "geometry": {
        "type": "Point",
        "coordinates": [
          39.1604233,
          51.7235613
        ]
      },
      "properties": {
        "name": "Парк Северный лес",
        "is_terminal": false,
        "routes": [
          "82"
        ],
        "route_count": 1
      }
    },
    {
      "type": "Feature",
      "geometry": {
        "type": "Point",
        "coordinates": [
          39.1338453,
          51.6547152
        ]
      },
      "properties": {
        "name": "Парк Танаис",
        "is_terminal": false,
        "routes": [
          "10",
          "33",
          "36",
          "77"
        ],
        "route_count": 4
      }
    },
    {
      "type": "Feature",
      "geometry": {
        "type": "Point",
        "coordinates": [
          39.1337112,
          51.6548716
        ]
      },
      "properties": {
        "name": "Парк Танаис",
        "is_terminal": false,
        "routes": [
          "10",
          "33",
          "36",
          "77"
        ],
        "route_count": 4
      }
    },
    {
      "type": "Feature",
      "geometry": {
        "type": "Point",
        "coordinates": [
          39.2188096,
          51.6876063
        ]
      },
      "properties": {
        "name": "Педагогический университет",
        "is_terminal": false,
        "routes": [
          "10",
          "12",
          "18",
          "1кс",
          "26",
          "3",
          "38",
          "50",
          "66",
          "70",
          "71",
          "88",
          "9",
          "б/н (ТЦ «ЦДМ» - Улица Димитрова)"
        ],
        "route_count": 14
      }
    },
    {
      "type": "Feature",
      "geometry": {
        "type": "Point",
        "coordinates": [
          39.2179379,
          51.687139
        ]
      },
      "properties": {
        "name": "Педагогический университет",
        "is_terminal": false,
        "routes": [
          "10",
          "12",
          "18",
          "1кв",
          "26",
          "3",
          "38",
          "50",
          "66",
          "70",
          "71",
          "88",
          "9"
        ],
        "route_count": 13
      }
    },
    {
      "type": "Feature",
      "geometry": {
        "type": "Point",
        "coordinates": [
          39.2335376,
          51.540158
        ]
      },
      "properties": {
        "name": "Пекарня",
        "is_terminal": false,
        "routes": [
          "22",
          "81"
        ],
        "route_count": 2
      }
    },
    {
      "type": "Feature",
      "geometry": {
        "type": "Point",
        "coordinates": [
          39.2335296,
          51.5400245
        ]
      },
      "properties": {
        "name": "Пекарня",
        "is_terminal": false,
        "routes": [
          "22",
          "81"
        ],
        "route_count": 2
      }
    },
    {
      "type": "Feature",
      "geometry": {
        "type": "Point",
        "coordinates": [
          39.2119458,
          51.6751483
        ]
      },
      "properties": {
        "name": "Первомайский сад",
        "is_terminal": false,
        "routes": [
          "1кс",
          "3",
          "44",
          "50",
          "51",
          "70",
          "71",
          "88",
          "9",
          "б/н (ТЦ «ЦДМ» - Улица Димитрова)"
        ],
        "route_count": 10
      }
    },
    {
      "type": "Feature",
      "geometry": {
        "type": "Point",
        "coordinates": [
          39.2117339,
          51.6752631
        ]
      },
      "properties": {
        "name": "Первомайский сад",
        "is_terminal": false,
        "routes": [
          "1кв",
          "3",
          "44",
          "50",
          "51",
          "70",
          "71",
          "74",
          "88",
          "9"
        ],
        "route_count": 10
      }
    },
    {
      "type": "Feature",
      "geometry": {
        "type": "Point",
        "coordinates": [
          39.2101139,
          51.6751899
        ]
      },
      "properties": {
        "name": "Первомайский сад",
        "is_terminal": false,
        "routes": [
          "57",
          "58",
          "6",
          "60",
          "63",
          "74",
          "83"
        ],
        "route_count": 7
      }
    },
    {
      "type": "Feature",
      "geometry": {
        "type": "Point",
        "coordinates": [
          39.2101702,
          51.6750102
        ]
      },
      "properties": {
        "name": "Первомайский сад",
        "is_terminal": false,
        "routes": [
          "57",
          "58",
          "6",
          "60",
          "63",
          "83"
        ],
        "route_count": 6
      }
    },
    {
      "type": "Feature",
      "geometry": {
        "type": "Point",
        "coordinates": [
          39.2366624,
          51.5538839
        ]
      },
      "properties": {
        "name": "Первый поворот",
        "is_terminal": false,
        "routes": [
          "22",
          "48",
          "79",
          "81"
        ],
        "route_count": 4
      }
    },
    {
      "type": "Feature",
      "geometry": {
        "type": "Point",
        "coordinates": [
          39.2364854,
          51.5539456
        ]
      },
      "properties": {
        "name": "Первый поворот",
        "is_terminal": false,
        "routes": [
          "22",
          "48",
          "79",
          "81"
        ],
        "route_count": 4
      }
    },
    {
      "type": "Feature",
      "geometry": {
        "type": "Point",
        "coordinates": [
          39.3210259,
          51.7425079
        ]
      },
      "properties": {
        "name": "Переулок Ангелиной",
        "is_terminal": false,
        "routes": [
          "14",
          "60",
          "88",
          "90"
        ],
        "route_count": 4
      }
    },
    {
      "type": "Feature",
      "geometry": {
        "type": "Point",
        "coordinates": [
          39.3210608,
          51.7426856
        ]
      },
      "properties": {
        "name": "Переулок Ангелиной",
        "is_terminal": false,
        "routes": [
          "14",
          "60",
          "88",
          "90"
        ],
        "route_count": 4
      }
    },
    {
      "type": "Feature",
      "geometry": {
        "type": "Point",
        "coordinates": [
          39.0781921,
          51.7009303
        ]
      },
      "properties": {
        "name": "Переулок Берёзки",
        "is_terminal": false,
        "routes": [
          "61"
        ],
        "route_count": 1
      }
    },
    {
      "type": "Feature",
      "geometry": {
        "type": "Point",
        "coordinates": [
          39.0781975,
          51.7011829
        ]
      },
      "properties": {
        "name": "Переулок Берёзки",
        "is_terminal": false,
        "routes": [
          "61"
        ],
        "route_count": 1
      }
    },
    {
      "type": "Feature",
      "geometry": {
        "type": "Point",
        "coordinates": [
          39.1751325,
          51.7439178
        ]
      },
      "properties": {
        "name": "Перинатальный центр",
        "is_terminal": true,
        "routes": [
          "40"
        ],
        "route_count": 1
      }
    },
    {
      "type": "Feature",
      "geometry": {
        "type": "Point",
        "coordinates": [
          39.1753149,
          51.7439478
        ]
      },
      "properties": {
        "name": "Перинатальный центр",
        "is_terminal": true,
        "routes": [
          "40"
        ],
        "route_count": 1
      }
    },
    {
      "type": "Feature",
      "geometry": {
        "type": "Point",
        "coordinates": [
          39.164257,
          51.638452
        ]
      },
      "properties": {
        "name": "Песчаный Лог",
        "is_terminal": false,
        "routes": [
          "80",
          "85",
          "с76"
        ],
        "route_count": 3
      }
    },
    {
      "type": "Feature",
      "geometry": {
        "type": "Point",
        "coordinates": [
          39.1659862,
          51.6380567
        ]
      },
      "properties": {
        "name": "Песчаный Лог",
        "is_terminal": false,
        "routes": [
          "80",
          "85",
          "с76"
        ],
        "route_count": 3
      }
    },
    {
      "type": "Feature",
      "geometry": {
        "type": "Point",
        "coordinates": [
          39.2113075,
          51.6462394
        ]
      },
      "properties": {
        "name": "Петровская набережная",
        "is_terminal": false,
        "routes": [
          "30"
        ],
        "route_count": 1
      }
    },
    {
      "type": "Feature",
      "geometry": {
        "type": "Point",
        "coordinates": [
          39.2106208,
          51.6730874
        ]
      },
      "properties": {
        "name": "Петровский сквер",
        "is_terminal": false,
        "routes": [
          "1кс",
          "20",
          "21",
          "3",
          "32",
          "41",
          "44",
          "50",
          "51",
          "52",
          "59",
          "70",
          "71",
          "8",
          "83",
          "88",
          "9",
          "90",
          "97"
        ],
        "route_count": 19
      }
    },
    {
      "type": "Feature",
      "geometry": {
        "type": "Point",
        "coordinates": [
          39.2109454,
          51.6740605
        ]
      },
      "properties": {
        "name": "Петровский сквер",
        "is_terminal": false,
        "routes": [
          "1кв",
          "20",
          "21",
          "3",
          "30",
          "32",
          "41",
          "44",
          "50",
          "51",
          "52",
          "59",
          "70",
          "71",
          "8",
          "83",
          "88",
          "9",
          "90",
          "97"
        ],
        "route_count": 20
      }
    },
    {
      "type": "Feature",
      "geometry": {
        "type": "Point",
        "coordinates": [
          39.196102,
          51.7005147
        ]
      },
      "properties": {
        "name": "Питомник",
        "is_terminal": false,
        "routes": [
          "18",
          "44",
          "51",
          "74"
        ],
        "route_count": 4
      }
    },
    {
      "type": "Feature",
      "geometry": {
        "type": "Point",
        "coordinates": [
          39.1963381,
          51.7009652
        ]
      },
      "properties": {
        "name": "Питомник",
        "is_terminal": false,
        "routes": [
          "18",
          "44",
          "51",
          "7",
          "74",
          "95"
        ],
        "route_count": 6
      }
    },
    {
      "type": "Feature",
      "geometry": {
        "type": "Point",
        "coordinates": [
          39.1912606,
          51.6676279
        ]
      },
      "properties": {
        "name": "Плехановская улица",
        "is_terminal": false,
        "routes": [
          "10",
          "12",
          "23",
          "24",
          "26",
          "55",
          "6",
          "80",
          "95",
          "с93"
        ],
        "route_count": 10
      }
    },
    {
      "type": "Feature",
      "geometry": {
        "type": "Point",
        "coordinates": [
          39.1915396,
          51.6675506
        ]
      },
      "properties": {
        "name": "Плехановская улица",
        "is_terminal": false,
        "routes": [
          "10",
          "12",
          "23",
          "24",
          "26",
          "55",
          "6",
          "61",
          "95",
          "с93"
        ],
        "route_count": 10
      }
    },
    {
      "type": "Feature",
      "geometry": {
        "type": "Point",
        "coordinates": [
          39.1863348,
          51.6731174
        ]
      },
      "properties": {
        "name": "Площадь Застава",
        "is_terminal": false,
        "routes": [
          "25",
          "27",
          "35",
          "37",
          "41",
          "45",
          "49",
          "5",
          "55",
          "57",
          "58",
          "60",
          "63",
          "69",
          "7",
          "8",
          "80",
          "9",
          "90",
          "94",
          "95",
          "97",
          "99",
          "с76"
        ],
        "route_count": 24
      }
    },
    {
      "type": "Feature",
      "geometry": {
        "type": "Point",
        "coordinates": [
          39.1858788,
          51.6730957
        ]
      },
      "properties": {
        "name": "Площадь Застава",
        "is_terminal": false,
        "routes": [
          "25",
          "27",
          "35",
          "37",
          "41",
          "45",
          "49",
          "5",
          "55",
          "57",
          "58",
          "60",
          "63",
          "69",
          "7",
          "8",
          "80",
          "9",
          "90",
          "94",
          "95",
          "97",
          "99",
          "с76"
        ],
        "route_count": 24
      }
    },
    {
      "type": "Feature",
      "geometry": {
        "type": "Point",
        "coordinates": [
          39.1848609,
          51.673485
        ]
      },
      "properties": {
        "name": "Площадь Застава",
        "is_terminal": false,
        "routes": [
          "77"
        ],
        "route_count": 1
      }
    },
    {
      "type": "Feature",
      "geometry": {
        "type": "Point",
        "coordinates": [
          39.1842547,
          51.6737494
        ]
      },
      "properties": {
        "name": "Площадь Застава",
        "is_terminal": false,
        "routes": [
          "77"
        ],
        "route_count": 1
      }
    },
    {
      "type": "Feature",
      "geometry": {
        "type": "Point",
        "coordinates": [
          39.3211412,
          51.7318858
        ]
      },
      "properties": {
        "name": "Пляж",
        "is_terminal": false,
        "routes": [
          "с53"
        ],
        "route_count": 1
      }
    },
    {
      "type": "Feature",
      "geometry": {
        "type": "Point",
        "coordinates": [
          39.3211386,
          51.7319705
        ]
      },
      "properties": {
        "name": "Пляж",
        "is_terminal": false,
        "routes": [
          "с53"
        ],
        "route_count": 1
      }
    },
    {
      "type": "Feature",
      "geometry": {
        "type": "Point",
        "coordinates": [
          39.1027451,
          51.6891843
        ]
      },
      "properties": {
        "name": "Поворот на КПД",
        "is_terminal": false,
        "routes": [
          "17",
          "60",
          "61",
          "8",
          "82"
        ],
        "route_count": 5
      }
    },
    {
      "type": "Feature",
      "geometry": {
        "type": "Point",
        "coordinates": [
          39.1027424,
          51.6888983
        ]
      },
      "properties": {
        "name": "Поворот на КПД",
        "is_terminal": false,
        "routes": [
          "17",
          "60",
          "61",
          "8",
          "82"
        ],
        "route_count": 5
      }
    },
    {
      "type": "Feature",
      "geometry": {
        "type": "Point",
        "coordinates": [
          39.1027933,
          51.6898743
        ]
      },
      "properties": {
        "name": "Поворот на КПД",
        "is_terminal": false,
        "routes": [
          "82"
        ],
        "route_count": 1
      }
    },
    {
      "type": "Feature",
      "geometry": {
        "type": "Point",
        "coordinates": [
          39.2831022,
          51.5477295
        ]
      },
      "properties": {
        "name": "Поворот на микрорайон Подклетный",
        "is_terminal": false,
        "routes": [
          "78"
        ],
        "route_count": 1
      }
    },
    {
      "type": "Feature",
      "geometry": {
        "type": "Point",
        "coordinates": [
          39.2807713,
          51.5523145
        ]
      },
      "properties": {
        "name": "Поворот на микрорайон Подклетный, Масловский индустриальный парк",
        "is_terminal": false,
        "routes": [
          "78"
        ],
        "route_count": 1
      }
    },
    {
      "type": "Feature",
      "geometry": {
        "type": "Point",
        "coordinates": [
          39.3136579,
          51.6952114
        ]
      },
      "properties": {
        "name": "Поворот на микрорайон Репное",
        "is_terminal": false,
        "routes": [
          "59"
        ],
        "route_count": 1
      }
    },
    {
      "type": "Feature",
      "geometry": {
        "type": "Point",
        "coordinates": [
          39.3114907,
          51.6954741
        ]
      },
      "properties": {
        "name": "Поворот на микрорайон Репное",
        "is_terminal": false,
        "routes": [
          "59",
          "с53"
        ],
        "route_count": 2
      }
    },
    {
      "type": "Feature",
      "geometry": {
        "type": "Point",
        "coordinates": [
          39.3131053,
          51.6959662
        ]
      },
      "properties": {
        "name": "Поворот на микрорайон Репное",
        "is_terminal": false,
        "routes": [
          "с53"
        ],
        "route_count": 1
      }
    },
    {
      "type": "Feature",
      "geometry": {
        "type": "Point",
        "coordinates": [
          39.3012097,
          51.6333372
        ]
      },
      "properties": {
        "name": "Пограничный проезд (микрорайон Озерки)",
        "is_terminal": true,
        "routes": [
          "36",
          "41",
          "43",
          "6",
          "65",
          "86"
        ],
        "route_count": 6
      }
    },
    {
      "type": "Feature",
      "geometry": {
        "type": "Point",
        "coordinates": [
          39.3008047,
          51.6332423
        ]
      },
      "properties": {
        "name": "Пограничный проезд (микрорайон Озерки)",
        "is_terminal": true,
        "routes": [
          "36",
          "41",
          "43",
          "6",
          "65",
          "86"
        ],
        "route_count": 6
      }
    },
    {
      "type": "Feature",
      "geometry": {
        "type": "Point",
        "coordinates": [
          39.15456,
          51.7015885
        ]
      },
      "properties": {
        "name": "Подгоренская улица",
        "is_terminal": false,
        "routes": [
          "35",
          "77"
        ],
        "route_count": 2
      }
    },
    {
      "type": "Feature",
      "geometry": {
        "type": "Point",
        "coordinates": [
          39.154737,
          51.701419
        ]
      },
      "properties": {
        "name": "Подгоренская улица",
        "is_terminal": false,
        "routes": [
          "35",
          "63",
          "77"
        ],
        "route_count": 3
      }
    },
    {
      "type": "Feature",
      "geometry": {
        "type": "Point",
        "coordinates": [
          39.0449783,
          51.569948
        ]
      },
      "properties": {
        "name": "Подпольное озеро",
        "is_terminal": false,
        "routes": [
          "23"
        ],
        "route_count": 1
      }
    },
    {
      "type": "Feature",
      "geometry": {
        "type": "Point",
        "coordinates": [
          39.0447825,
          51.569912
        ]
      },
      "properties": {
        "name": "Подпольное озеро",
        "is_terminal": false,
        "routes": [
          "24"
        ],
        "route_count": 1
      }
    },
    {
      "type": "Feature",
      "geometry": {
        "type": "Point",
        "coordinates": [
          39.2221946,
          51.7159288
        ]
      },
      "properties": {
        "name": "Поликлиника № 1",
        "is_terminal": false,
        "routes": [
          "16",
          "234 (Воронеж - Солнечный)",
          "3",
          "47",
          "50",
          "71",
          "9"
        ],
        "route_count": 7
      }
    },
    {
      "type": "Feature",
      "geometry": {
        "type": "Point",
        "coordinates": [
          39.1591948,
          51.6789438
        ]
      },
      "properties": {
        "name": "Поликлиника № 11",
        "is_terminal": false,
        "routes": [
          "57",
          "66"
        ],
        "route_count": 2
      }
    },
    {
      "type": "Feature",
      "geometry": {
        "type": "Point",
        "coordinates": [
          39.1592163,
          51.6792082
        ]
      },
      "properties": {
        "name": "Поликлиника № 11",
        "is_terminal": true,
        "routes": [
          "57",
          "66",
          "67"
        ],
        "route_count": 3
      }
    },
    {
      "type": "Feature",
      "geometry": {
        "type": "Point",
        "coordinates": [
          39.1690546,
          51.7064821
        ]
      },
      "properties": {
        "name": "Поликлиника № 4",
        "is_terminal": false,
        "routes": [
          "15",
          "16",
          "25",
          "38",
          "40",
          "47",
          "5",
          "57",
          "58",
          "90"
        ],
        "route_count": 10
      }
    },
    {
      "type": "Feature",
      "geometry": {
        "type": "Point",
        "coordinates": [
          39.1686416,
          51.7063434
        ]
      },
      "properties": {
        "name": "Поликлиника № 4",
        "is_terminal": false,
        "routes": [
          "16",
          "25",
          "38",
          "40",
          "47",
          "5",
          "54",
          "57",
          "58",
          "90"
        ],
        "route_count": 10
      }
    },
    {
      "type": "Feature",
      "geometry": {
        "type": "Point",
        "coordinates": [
          39.3885827,
          51.7482291
        ]
      },
      "properties": {
        "name": "Полыновка",
        "is_terminal": true,
        "routes": [
          "с53"
        ],
        "route_count": 1
      }
    },
    {
      "type": "Feature",
      "geometry": {
        "type": "Point",
        "coordinates": [
          39.388631,
          51.7483154
        ]
      },
      "properties": {
        "name": "Полыновка",
        "is_terminal": true,
        "routes": [
          "с53"
        ],
        "route_count": 1
      }
    },
    {
      "type": "Feature",
      "geometry": {
        "type": "Point",
        "coordinates": [
          39.3194944,
          51.5843666
        ]
      },
      "properties": {
        "name": "Поселковый совет",
        "is_terminal": false,
        "routes": [
          "78"
        ],
        "route_count": 1
      }
    },
    {
      "type": "Feature",
      "geometry": {
        "type": "Point",
        "coordinates": [
          39.3193616,
          51.5844108
        ]
      },
      "properties": {
        "name": "Поселковый совет",
        "is_terminal": false,
        "routes": [
          "78"
        ],
        "route_count": 1
      }
    },
    {
      "type": "Feature",
      "geometry": {
        "type": "Point",
        "coordinates": [
          39.0720995,
          51.5534628
        ]
      },
      "properties": {
        "name": "Почта",
        "is_terminal": false,
        "routes": [
          "23"
        ],
        "route_count": 1
      }
    },
    {
      "type": "Feature",
      "geometry": {
        "type": "Point",
        "coordinates": [
          39.0738657,
          51.5533185
        ]
      },
      "properties": {
        "name": "Почта",
        "is_terminal": false,
        "routes": [
          "24"
        ],
        "route_count": 1
      }
    },
    {
      "type": "Feature",
      "geometry": {
        "type": "Point",
        "coordinates": [
          39.3350244,
          51.7488917
        ]
      },
      "properties": {
        "name": "Почта",
        "is_terminal": false,
        "routes": [
          "60"
        ],
        "route_count": 1
      }
    },
    {
      "type": "Feature",
      "geometry": {
        "type": "Point",
        "coordinates": [
          39.2186326,
          51.6617701
        ]
      },
      "properties": {
        "name": "Причал",
        "is_terminal": false,
        "routes": [
          "30"
        ],
        "route_count": 1
      }
    },
    {
      "type": "Feature",
      "geometry": {
        "type": "Point",
        "coordinates": [
          39.1869355,
          51.7549921
        ]
      },
      "properties": {
        "name": "Прокат",
        "is_terminal": false,
        "routes": [
          "18",
          "44",
          "49",
          "80",
          "94"
        ],
        "route_count": 5
      }
    },
    {
      "type": "Feature",
      "geometry": {
        "type": "Point",
        "coordinates": [
          39.187873,
          51.7550835
        ]
      },
      "properties": {
        "name": "Прокат",
        "is_terminal": false,
        "routes": [
          "18",
          "44",
          "49",
          "80",
          "94"
        ],
        "route_count": 5
      }
    },
    {
      "type": "Feature",
      "geometry": {
        "type": "Point",
        "coordinates": [
          39.1355163,
          51.6466855
        ]
      },
      "properties": {
        "name": "Проспект Патриотов",
        "is_terminal": false,
        "routes": [
          "17",
          "37",
          "50",
          "85"
        ],
        "route_count": 4
      }
    },
    {
      "type": "Feature",
      "geometry": {
        "type": "Point",
        "coordinates": [
          39.1848689,
          51.6801346
        ]
      },
      "properties": {
        "name": "Проспект Труда",
        "is_terminal": true,
        "routes": [
          "25",
          "27",
          "35",
          "37",
          "41",
          "45",
          "49",
          "5",
          "55",
          "57",
          "58",
          "60",
          "63",
          "69",
          "7",
          "77",
          "8",
          "80",
          "9",
          "90",
          "94",
          "95",
          "97",
          "99",
          "б/н (ТД \"ЦДМ\" - Областная больница)",
          "с76"
        ],
        "route_count": 26
      }
    },
    {
      "type": "Feature",
      "geometry": {
        "type": "Point",
        "coordinates": [
          39.184514,
          51.6799258
        ]
      },
      "properties": {
        "name": "Проспект Труда",
        "is_terminal": false,
        "routes": [
          "25",
          "27",
          "35",
          "37",
          "41",
          "45",
          "49",
          "5",
          "55",
          "57",
          "58",
          "60",
          "63",
          "69",
          "7",
          "77",
          "8",
          "80",
          "9",
          "90",
          "94",
          "95",
          "97",
          "99",
          "б/н (ТД \"ЦДМ\" - Областная больница)",
          "с76"
        ],
        "route_count": 26
      }
    },
    {
      "type": "Feature",
      "geometry": {
        "type": "Point",
        "coordinates": [
          39.1819735,
          51.6813328
        ]
      },
      "properties": {
        "name": "Проспект Труда",
        "is_terminal": false,
        "routes": [
          "57",
          "58",
          "60",
          "66",
          "8",
          "с76"
        ],
        "route_count": 6
      }
    },
    {
      "type": "Feature",
      "geometry": {
        "type": "Point",
        "coordinates": [
          39.1851264,
          51.6817727
        ]
      },
      "properties": {
        "name": "Проспект Труда",
        "is_terminal": false,
        "routes": [
          "66"
        ],
        "route_count": 1
      }
    },
    {
      "type": "Feature",
      "geometry": {
        "type": "Point",
        "coordinates": [
          39.232918,
          51.5436695
        ]
      },
      "properties": {
        "name": "Проулок",
        "is_terminal": false,
        "routes": [
          "22",
          "81"
        ],
        "route_count": 2
      }
    },
    {
      "type": "Feature",
      "geometry": {
        "type": "Point",
        "coordinates": [
          39.2328054,
          51.5433776
        ]
      },
      "properties": {
        "name": "Проулок",
        "is_terminal": false,
        "routes": [
          "22",
          "81"
        ],
        "route_count": 2
      }
    },
    {
      "type": "Feature",
      "geometry": {
        "type": "Point",
        "coordinates": [
          39.2344033,
          51.7255291
        ]
      },
      "properties": {
        "name": "Профсоюзные курсы",
        "is_terminal": false,
        "routes": [
          "71"
        ],
        "route_count": 1
      }
    },
    {
      "type": "Feature",
      "geometry": {
        "type": "Point",
        "coordinates": [
          39.2344823,
          51.725324
        ]
      },
      "properties": {
        "name": "Профсоюзные курсы",
        "is_terminal": false,
        "routes": [
          "71"
        ],
        "route_count": 1
      }
    },
    {
      "type": "Feature",
      "geometry": {
        "type": "Point",
        "coordinates": [
          39.1236985,
          51.6572561
        ]
      },
      "properties": {
        "name": "Путиловская улица",
        "is_terminal": false,
        "routes": [
          "71"
        ],
        "route_count": 1
      }
    },
    {
      "type": "Feature",
      "geometry": {
        "type": "Point",
        "coordinates": [
          39.1229555,
          51.6572627
        ]
      },
      "properties": {
        "name": "Путиловская улица",
        "is_terminal": false,
        "routes": [
          "71"
        ],
        "route_count": 1
      }
    },
    {
      "type": "Feature",
      "geometry": {
        "type": "Point",
        "coordinates": [
          39.2007852,
          51.6631827
        ]
      },
      "properties": {
        "name": "Пушкинская улица",
        "is_terminal": true,
        "routes": [
          "45",
          "59",
          "б/н (Кинотеатр \"Спартак\" - Кадетская школа имени Суворова)"
        ],
        "route_count": 3
      }
    },
    {
      "type": "Feature",
      "geometry": {
        "type": "Point",
        "coordinates": [
          39.1838121,
          51.6889615
        ]
      },
      "properties": {
        "name": "Рабочий проспект",
        "is_terminal": false,
        "routes": [
          "25",
          "27",
          "35",
          "37",
          "41",
          "45",
          "49",
          "5",
          "63",
          "69",
          "7",
          "77",
          "80",
          "9",
          "90",
          "94",
          "95",
          "97",
          "99",
          "б/н (ТД \"ЦДМ\" - Областная больница)"
        ],
        "route_count": 20
      }
    },
    {
      "type": "Feature",
      "geometry": {
        "type": "Point",
        "coordinates": [
          39.1834205,
          51.689319
        ]
      },
      "properties": {
        "name": "Рабочий проспект",
        "is_terminal": false,
        "routes": [
          "25",
          "27",
          "35",
          "37",
          "41",
          "45",
          "49",
          "5",
          "63",
          "67",
          "69",
          "7",
          "77",
          "80",
          "9",
          "90",
          "94",
          "95",
          "97",
          "99",
          "б/н (ТД \"ЦДМ\" - Областная больница)"
        ],
        "route_count": 21
      }
    },
    {
      "type": "Feature",
      "geometry": {
        "type": "Point",
        "coordinates": [
          39.2784593,
          51.686863
        ]
      },
      "properties": {
        "name": "Роддом № 4",
        "is_terminal": true,
        "routes": [
          "12",
          "26"
        ],
        "route_count": 2
      }
    },
    {
      "type": "Feature",
      "geometry": {
        "type": "Point",
        "coordinates": [
          39.278706,
          51.6870957
        ]
      },
      "properties": {
        "name": "Роддом № 4",
        "is_terminal": true,
        "routes": [
          "12",
          "26"
        ],
        "route_count": 2
      }
    },
    {
      "type": "Feature",
      "geometry": {
        "type": "Point",
        "coordinates": [
          39.2424881,
          51.6006799
        ]
      },
      "properties": {
        "name": "Ростовская улица",
        "is_terminal": false,
        "routes": [
          "14",
          "16",
          "22",
          "49",
          "65",
          "86",
          "Служебный (ВОГРЭС - ЛОС)"
        ],
        "route_count": 7
      }
    },
    {
      "type": "Feature",
      "geometry": {
        "type": "Point",
        "coordinates": [
          39.2426947,
          51.6003983
        ]
      },
      "properties": {
        "name": "Ростовская улица",
        "is_terminal": false,
        "routes": [
          "14",
          "22",
          "65",
          "86",
          "Служебный (ВОГРЭС - ЛОС)"
        ],
        "route_count": 5
      }
    },
    {
      "type": "Feature",
      "geometry": {
        "type": "Point",
        "coordinates": [
          39.245849,
          51.5892179
        ]
      },
      "properties": {
        "name": "Ростовская улица, 73",
        "is_terminal": false,
        "routes": [
          "14",
          "26",
          "81",
          "87"
        ],
        "route_count": 4
      }
    },
    {
      "type": "Feature",
      "geometry": {
        "type": "Point",
        "coordinates": [
          39.2450362,
          51.5891021
        ]
      },
      "properties": {
        "name": "Ростовская улица, 73",
        "is_terminal": false,
        "routes": [
          "14",
          "26",
          "81",
          "87"
        ],
        "route_count": 4
      }
    },
    {
      "type": "Feature",
      "geometry": {
        "type": "Point",
        "coordinates": [
          39.2447332,
          51.6075927
        ]
      },
      "properties": {
        "name": "Ростовский бульвар",
        "is_terminal": false,
        "routes": [
          "26",
          "65",
          "81",
          "86",
          "87"
        ],
        "route_count": 5
      }
    },
    {
      "type": "Feature",
      "geometry": {
        "type": "Point",
        "coordinates": [
          39.2441563,
          51.6068599
        ]
      },
      "properties": {
        "name": "Ростовский бульвар",
        "is_terminal": false,
        "routes": [
          "26",
          "65",
          "81",
          "86",
          "87"
        ],
        "route_count": 5
      }
    },
    {
      "type": "Feature",
      "geometry": {
        "type": "Point",
        "coordinates": [
          39.1458441,
          51.7171128
        ]
      },
      "properties": {
        "name": "СКС Лада",
        "is_terminal": false,
        "routes": [
          "18",
          "40",
          "44"
        ],
        "route_count": 3
      }
    },
    {
      "type": "Feature",
      "geometry": {
        "type": "Point",
        "coordinates": [
          39.1476452,
          51.7179395
        ]
      },
      "properties": {
        "name": "СКС Лада",
        "is_terminal": false,
        "routes": [
          "18",
          "44",
          "82"
        ],
        "route_count": 3
      }
    },
    {
      "type": "Feature",
      "geometry": {
        "type": "Point",
        "coordinates": [
          39.1842861,
          51.504621
        ]
      },
      "properties": {
        "name": "СНТ «Дружба»",
        "is_terminal": true,
        "routes": [
          "79"
        ],
        "route_count": 1
      }
    },
    {
      "type": "Feature",
      "geometry": {
        "type": "Point",
        "coordinates": [
          39.2269716,
          51.523354
        ]
      },
      "properties": {
        "name": "СНТ «Русское Поле»",
        "is_terminal": false,
        "routes": [
          "22",
          "81"
        ],
        "route_count": 2
      }
    },
    {
      "type": "Feature",
      "geometry": {
        "type": "Point",
        "coordinates": [
          39.2268884,
          51.5235059
        ]
      },
      "properties": {
        "name": "СНТ «Русское Поле»",
        "is_terminal": false,
        "routes": [
          "22",
          "81"
        ],
        "route_count": 2
      }
    },
    {
      "type": "Feature",
      "geometry": {
        "type": "Point",
        "coordinates": [
          39.2283422,
          51.5257738
        ]
      },
      "properties": {
        "name": "СНТ «Южный»",
        "is_terminal": false,
        "routes": [
          "22",
          "81"
        ],
        "route_count": 2
      }
    },
    {
      "type": "Feature",
      "geometry": {
        "type": "Point",
        "coordinates": [
          39.2282054,
          51.5256987
        ]
      },
      "properties": {
        "name": "СНТ «Южный»",
        "is_terminal": false,
        "routes": [
          "22",
          "81"
        ],
        "route_count": 2
      }
    },
    {
      "type": "Feature",
      "geometry": {
        "type": "Point",
        "coordinates": [
          39.2779469,
          51.6030739
        ]
      },
      "properties": {
        "name": "СНТ Садовод ВАСО - № 2",
        "is_terminal": true,
        "routes": [
          "с68"
        ],
        "route_count": 1
      }
    },
    {
      "type": "Feature",
      "geometry": {
        "type": "Point",
        "coordinates": [
          39.2779925,
          51.6032738
        ]
      },
      "properties": {
        "name": "СНТ Садовод ВАСО - № 2",
        "is_terminal": true,
        "routes": [
          "с68"
        ],
        "route_count": 1
      }
    },
    {
      "type": "Feature",
      "geometry": {
        "type": "Point",
        "coordinates": [
          39.2953116,
          51.6529329
        ]
      },
      "properties": {
        "name": "СТО",
        "is_terminal": false,
        "routes": [
          "13",
          "38",
          "63"
        ],
        "route_count": 3
      }
    },
    {
      "type": "Feature",
      "geometry": {
        "type": "Point",
        "coordinates": [
          39.0800697,
          51.6860631
        ]
      },
      "properties": {
        "name": "Садовая улица",
        "is_terminal": false,
        "routes": [
          "17",
          "60",
          "61",
          "8",
          "82"
        ],
        "route_count": 5
      }
    },
    {
      "type": "Feature",
      "geometry": {
        "type": "Point",
        "coordinates": [
          39.0795171,
          51.6862394
        ]
      },
      "properties": {
        "name": "Садовая улица",
        "is_terminal": false,
        "routes": [
          "17",
          "60",
          "61",
          "8",
          "82"
        ],
        "route_count": 5
      }
    },
    {
      "type": "Feature",
      "geometry": {
        "type": "Point",
        "coordinates": [
          39.165708,
          51.5308777
        ]
      },
      "properties": {
        "name": "Сады-1",
        "is_terminal": false,
        "routes": [
          "48",
          "79"
        ],
        "route_count": 2
      }
    },
    {
      "type": "Feature",
      "geometry": {
        "type": "Point",
        "coordinates": [
          39.1658869,
          51.5308232
        ]
      },
      "properties": {
        "name": "Сады-1",
        "is_terminal": false,
        "routes": [
          "48",
          "79"
        ],
        "route_count": 2
      }
    },
    {
      "type": "Feature",
      "geometry": {
        "type": "Point",
        "coordinates": [
          39.1585645,
          51.5297152
        ]
      },
      "properties": {
        "name": "Сады-2",
        "is_terminal": false,
        "routes": [
          "48",
          "79"
        ],
        "route_count": 2
      }
    },
    {
      "type": "Feature",
      "geometry": {
        "type": "Point",
        "coordinates": [
          39.1590751,
          51.5297045
        ]
      },
      "properties": {
        "name": "Сады-2",
        "is_terminal": false,
        "routes": [
          "48",
          "79"
        ],
        "route_count": 2
      }
    },
    {
      "type": "Feature",
      "geometry": {
        "type": "Point",
        "coordinates": [
          39.1529936,
          51.5285822
        ]
      },
      "properties": {
        "name": "Сады-3",
        "is_terminal": false,
        "routes": [
          "48",
          "79",
          "92"
        ],
        "route_count": 3
      }
    },
    {
      "type": "Feature",
      "geometry": {
        "type": "Point",
        "coordinates": [
          39.1531304,
          51.5285639
        ]
      },
      "properties": {
        "name": "Сады-3",
        "is_terminal": false,
        "routes": [
          "48",
          "79",
          "92"
        ],
        "route_count": 3
      }
    },
    {
      "type": "Feature",
      "geometry": {
        "type": "Point",
        "coordinates": [
          39.2282698,
          51.7273754
        ]
      },
      "properties": {
        "name": "Санаторий имени Горького",
        "is_terminal": true,
        "routes": [
          "71",
          "б/н (Экспоцентр - Санаторий имени Горького)"
        ],
        "route_count": 2
      }
    },
    {
      "type": "Feature",
      "geometry": {
        "type": "Point",
        "coordinates": [
          39.227449,
          51.7279755
        ]
      },
      "properties": {
        "name": "Санаторий имени Горького",
        "is_terminal": true,
        "routes": [
          "б/н (Школа № 20 - Санаторий имени Горького)"
        ],
        "route_count": 1
      }
    },
    {
      "type": "Feature",
      "geometry": {
        "type": "Point",
        "coordinates": [
          39.1787294,
          51.6659261
        ]
      },
      "properties": {
        "name": "Сельмаш",
        "is_terminal": false,
        "routes": [
          "54",
          "61"
        ],
        "route_count": 2
      }
    },
    {
      "type": "Feature",
      "geometry": {
        "type": "Point",
        "coordinates": [
          39.3176235,
          51.7366756
        ]
      },
      "properties": {
        "name": "Сельская улица (микрорайон Боровое)",
        "is_terminal": true,
        "routes": [
          "14",
          "88"
        ],
        "route_count": 2
      }
    },
    {
      "type": "Feature",
      "geometry": {
        "type": "Point",
        "coordinates": [
          39.0663877,
          51.5538672
        ]
      },
      "properties": {
        "name": "Сельсовет",
        "is_terminal": false,
        "routes": [
          "23"
        ],
        "route_count": 1
      }
    },
    {
      "type": "Feature",
      "geometry": {
        "type": "Point",
        "coordinates": [
          39.0664011,
          51.5537238
        ]
      },
      "properties": {
        "name": "Сельсовет",
        "is_terminal": false,
        "routes": [
          "24"
        ],
        "route_count": 1
      }
    },
    {
      "type": "Feature",
      "geometry": {
        "type": "Point",
        "coordinates": [
          39.2503738,
          51.618756
        ]
      },
      "properties": {
        "name": "Сквер",
        "is_terminal": false,
        "routes": [
          "26",
          "65",
          "81",
          "86",
          "87",
          "Служебный (ВОГРЭС - ЛОС)"
        ],
        "route_count": 6
      }
    },
    {
      "type": "Feature",
      "geometry": {
        "type": "Point",
        "coordinates": [
          39.2500426,
          51.6192506
        ]
      },
      "properties": {
        "name": "Сквер",
        "is_terminal": false,
        "routes": [
          "26",
          "65",
          "81",
          "87",
          "Служебный (ВОГРЭС - ЛОС)"
        ],
        "route_count": 5
      }
    },
    {
      "type": "Feature",
      "geometry": {
        "type": "Point",
        "coordinates": [
          39.2209473,
          51.5496593
        ]
      },
      "properties": {
        "name": "Совхоз «Зареченский»",
        "is_terminal": false,
        "routes": [
          "48",
          "79"
        ],
        "route_count": 2
      }
    },
    {
      "type": "Feature",
      "geometry": {
        "type": "Point",
        "coordinates": [
          39.2210212,
          51.5495834
        ]
      },
      "properties": {
        "name": "Совхоз «Зареченский»",
        "is_terminal": false,
        "routes": [
          "48",
          "79"
        ],
        "route_count": 2
      }
    },
    {
      "type": "Feature",
      "geometry": {
        "type": "Point",
        "coordinates": [
          39.077771,
          51.6242147
        ]
      },
      "properties": {
        "name": "Совхоз «Тепличный»",
        "is_terminal": false,
        "routes": [
          "24",
          "55",
          "6"
        ],
        "route_count": 3
      }
    },
    {
      "type": "Feature",
      "geometry": {
        "type": "Point",
        "coordinates": [
          39.0792462,
          51.6244195
        ]
      },
      "properties": {
        "name": "Совхоз «Тепличный»",
        "is_terminal": false,
        "routes": [
          "23",
          "55",
          "6"
        ],
        "route_count": 3
      }
    },
    {
      "type": "Feature",
      "geometry": {
        "type": "Point",
        "coordinates": [
          39.1650166,
          51.6816498
        ]
      },
      "properties": {
        "name": "Солнечная улица",
        "is_terminal": false,
        "routes": [
          "57",
          "66",
          "67"
        ],
        "route_count": 3
      }
    },
    {
      "type": "Feature",
      "geometry": {
        "type": "Point",
        "coordinates": [
          39.1632906,
          51.6973278
        ]
      },
      "properties": {
        "name": "Солнечная улица",
        "is_terminal": false,
        "routes": [
          "63"
        ],
        "route_count": 1
      }
    },
    {
      "type": "Feature",
      "geometry": {
        "type": "Point",
        "coordinates": [
          39.200631,
          51.6643294
        ]
      },
      "properties": {
        "name": "Средне-Московская улица",
        "is_terminal": false,
        "routes": [
          "45"
        ],
        "route_count": 1
      }
    },
    {
      "type": "Feature",
      "geometry": {
        "type": "Point",
        "coordinates": [
          39.197765,
          51.666327
        ]
      },
      "properties": {
        "name": "Средне-Московская улица",
        "is_terminal": false,
        "routes": [
          "57",
          "58",
          "с76"
        ],
        "route_count": 3
      }
    },
    {
      "type": "Feature",
      "geometry": {
        "type": "Point",
        "coordinates": [
          39.2252174,
          51.691981
        ]
      },
      "properties": {
        "name": "Стадион «Динамо»",
        "is_terminal": false,
        "routes": [
          "10",
          "12",
          "18",
          "1кс",
          "26",
          "3",
          "38",
          "50",
          "66",
          "70",
          "71",
          "88",
          "9",
          "б/н (ТЦ «ЦДМ» - Улица Димитрова)"
        ],
        "route_count": 14
      }
    },
    {
      "type": "Feature",
      "geometry": {
        "type": "Point",
        "coordinates": [
          39.224858,
          51.6920126
        ]
      },
      "properties": {
        "name": "Стадион «Динамо»",
        "is_terminal": false,
        "routes": [
          "10",
          "12",
          "18",
          "1кв",
          "26",
          "3",
          "38",
          "50",
          "66",
          "70",
          "71",
          "88",
          "9"
        ],
        "route_count": 13
      }
    },
    {
      "type": "Feature",
      "geometry": {
        "type": "Point",
        "coordinates": [
          39.1706291,
          51.6766851
        ]
      },
      "properties": {
        "name": "Станкостроительный завод",
        "is_terminal": false,
        "routes": [
          "57",
          "58",
          "60",
          "66",
          "8",
          "с76"
        ],
        "route_count": 6
      }
    },
    {
      "type": "Feature",
      "geometry": {
        "type": "Point",
        "coordinates": [
          39.1711253,
          51.6766436
        ]
      },
      "properties": {
        "name": "Станкостроительный завод",
        "is_terminal": false,
        "routes": [
          "57",
          "58",
          "60",
          "66",
          "8",
          "с76"
        ],
        "route_count": 6
      }
    },
    {
      "type": "Feature",
      "geometry": {
        "type": "Point",
        "coordinates": [
          39.3663901,
          51.742968
        ]
      },
      "properties": {
        "name": "Станция Дубовка",
        "is_terminal": false,
        "routes": [
          "90"
        ],
        "route_count": 1
      }
    },
    {
      "type": "Feature",
      "geometry": {
        "type": "Point",
        "coordinates": [
          39.3663874,
          51.7430577
        ]
      },
      "properties": {
        "name": "Станция Дубовка",
        "is_terminal": false,
        "routes": [
          "90"
        ],
        "route_count": 1
      }
    },
    {
      "type": "Feature",
      "geometry": {
        "type": "Point",
        "coordinates": [
          39.2446902,
          51.5615198
        ]
      },
      "properties": {
        "name": "Станция Масловка",
        "is_terminal": false,
        "routes": [
          "22",
          "48",
          "79",
          "81"
        ],
        "route_count": 4
      }
    },
    {
      "type": "Feature",
      "geometry": {
        "type": "Point",
        "coordinates": [
          39.2445856,
          51.5616499
        ]
      },
      "properties": {
        "name": "Станция Масловка",
        "is_terminal": false,
        "routes": [
          "22",
          "48",
          "79",
          "81"
        ],
        "route_count": 4
      }
    },
    {
      "type": "Feature",
      "geometry": {
        "type": "Point",
        "coordinates": [
          39.2653122,
          51.7281236
        ]
      },
      "properties": {
        "name": "Станция Отрожка",
        "is_terminal": false,
        "routes": [
          "10",
          "22",
          "52"
        ],
        "route_count": 3
      }
    },
    {
      "type": "Feature",
      "geometry": {
        "type": "Point",
        "coordinates": [
          39.2579859,
          51.6393668
        ]
      },
      "properties": {
        "name": "Станция Придача, вокзал Воронеж-Южный",
        "is_terminal": true,
        "routes": [
          "25"
        ],
        "route_count": 1
      }
    },
    {
      "type": "Feature",
      "geometry": {
        "type": "Point",
        "coordinates": [
          39.3472284,
          51.739035
        ]
      },
      "properties": {
        "name": "Станция Сомово",
        "is_terminal": false,
        "routes": [
          "90"
        ],
        "route_count": 1
      }
    },
    {
      "type": "Feature",
      "geometry": {
        "type": "Point",
        "coordinates": [
          39.34692,
          51.7391098
        ]
      },
      "properties": {
        "name": "Станция Сомово",
        "is_terminal": false,
        "routes": [
          "90"
        ],
        "route_count": 1
      }
    },
    {
      "type": "Feature",
      "geometry": {
        "type": "Point",
        "coordinates": [
          39.35063,
          51.7364497
        ]
      },
      "properties": {
        "name": "Станция Сомово",
        "is_terminal": false,
        "routes": [
          "с53"
        ],
        "route_count": 1
      }
    },
    {
      "type": "Feature",
      "geometry": {
        "type": "Point",
        "coordinates": [
          39.3353972,
          51.7451303
        ]
      },
      "properties": {
        "name": "Столб",
        "is_terminal": false,
        "routes": [
          "60",
          "90"
        ],
        "route_count": 2
      }
    },
    {
      "type": "Feature",
      "geometry": {
        "type": "Point",
        "coordinates": [
          39.3353623,
          51.745205
        ]
      },
      "properties": {
        "name": "Столб",
        "is_terminal": false,
        "routes": [
          "90"
        ],
        "route_count": 1
      }
    },
    {
      "type": "Feature",
      "geometry": {
        "type": "Point",
        "coordinates": [
          39.1969335,
          51.6840942
        ]
      },
      "properties": {
        "name": "Стоматологическая поликлиника № 6",
        "is_terminal": false,
        "routes": [
          "66"
        ],
        "route_count": 1
      }
    },
    {
      "type": "Feature",
      "geometry": {
        "type": "Point",
        "coordinates": [
          39.1963917,
          51.6840859
        ]
      },
      "properties": {
        "name": "Стоматологическая поликлиника № 6",
        "is_terminal": false,
        "routes": [
          "66"
        ],
        "route_count": 1
      }
    },
    {
      "type": "Feature",
      "geometry": {
        "type": "Point",
        "coordinates": [
          39.1913371,
          51.6525252
        ]
      },
      "properties": {
        "name": "Строительный институт ВГТУ",
        "is_terminal": false,
        "routes": [
          "1кс",
          "25",
          "26",
          "35",
          "36",
          "49",
          "72",
          "81",
          "86",
          "87"
        ],
        "route_count": 10
      }
    },
    {
      "type": "Feature",
      "geometry": {
        "type": "Point",
        "coordinates": [
          39.1844344,
          51.7558772
        ]
      },
      "properties": {
        "name": "Студенческий городок ВГТУ",
        "is_terminal": true,
        "routes": [
          "49",
          "80"
        ],
        "route_count": 2
      }
    },
    {
      "type": "Feature",
      "geometry": {
        "type": "Point",
        "coordinates": [
          39.1843781,
          51.7557859
        ]
      },
      "properties": {
        "name": "Студенческий городок ВГТУ",
        "is_terminal": true,
        "routes": [
          "49",
          "80"
        ],
        "route_count": 2
      }
    },
    {
      "type": "Feature",
      "geometry": {
        "type": "Point",
        "coordinates": [
          39.2720729,
          51.6974326
        ]
      },
      "properties": {
        "name": "ТРЦ «Максимир»",
        "is_terminal": false,
        "routes": [
          "10",
          "12",
          "14",
          "21",
          "22",
          "43",
          "47",
          "52",
          "60",
          "66",
          "88",
          "90"
        ],
        "route_count": 12
      }
    },
    {
      "type": "Feature",
      "geometry": {
        "type": "Point",
        "coordinates": [
          39.2714909,
          51.6970868
        ]
      },
      "properties": {
        "name": "ТРЦ «Максимир»",
        "is_terminal": false,
        "routes": [
          "10",
          "12",
          "14",
          "21",
          "22",
          "43",
          "47",
          "52",
          "60",
          "66",
          "88",
          "90"
        ],
        "route_count": 12
      }
    },
    {
      "type": "Feature",
      "geometry": {
        "type": "Point",
        "coordinates": [
          39.1796708,
          51.7168304
        ]
      },
      "properties": {
        "name": "ТРЦ «Московский проспект»",
        "is_terminal": false,
        "routes": [
          "16",
          "18",
          "27",
          "3",
          "40",
          "47",
          "49",
          "51",
          "69",
          "74",
          "80",
          "9",
          "94",
          "95",
          "б/н (ТД \"ЦДМ\" - Областная больница)"
        ],
        "route_count": 15
      }
    },
    {
      "type": "Feature",
      "geometry": {
        "type": "Point",
        "coordinates": [
          39.1802335,
          51.7176974
        ]
      },
      "properties": {
        "name": "ТРЦ «Московский проспект»",
        "is_terminal": false,
        "routes": [
          "16",
          "18",
          "27",
          "3",
          "40",
          "47",
          "49",
          "50",
          "51",
          "69",
          "74",
          "80",
          "9",
          "94",
          "95",
          "б/н (ТД \"ЦДМ\" - Областная больница)"
        ],
        "route_count": 16
      }
    },
    {
      "type": "Feature",
      "geometry": {
        "type": "Point",
        "coordinates": [
          39.1495281,
          51.705558
        ]
      },
      "properties": {
        "name": "ТЦ «Аксиома»",
        "is_terminal": false,
        "routes": [
          "15",
          "16",
          "25",
          "38",
          "40",
          "47",
          "5",
          "57",
          "58",
          "90"
        ],
        "route_count": 10
      }
    },
    {
      "type": "Feature",
      "geometry": {
        "type": "Point",
        "coordinates": [
          39.1497763,
          51.7054458
        ]
      },
      "properties": {
        "name": "ТЦ «Аксиома»",
        "is_terminal": false,
        "routes": [
          "16",
          "25",
          "38",
          "40",
          "47",
          "5",
          "54",
          "57",
          "58",
          "90"
        ],
        "route_count": 10
      }
    },
    {
      "type": "Feature",
      "geometry": {
        "type": "Point",
        "coordinates": [
          39.310171,
          51.7398279
        ]
      },
      "properties": {
        "name": "ТЦ «Боровое»",
        "is_terminal": true,
        "routes": [
          "88"
        ],
        "route_count": 1
      }
    },
    {
      "type": "Feature",
      "geometry": {
        "type": "Point",
        "coordinates": [
          39.1424739,
          51.7072766
        ]
      },
      "properties": {
        "name": "ТЦ «Дом»",
        "is_terminal": false,
        "routes": [
          "25",
          "41",
          "47",
          "90",
          "97"
        ],
        "route_count": 5
      }
    },
    {
      "type": "Feature",
      "geometry": {
        "type": "Point",
        "coordinates": [
          39.1424739,
          51.7074977
        ]
      },
      "properties": {
        "name": "ТЦ «Дом»",
        "is_terminal": false,
        "routes": [
          "25",
          "41",
          "47",
          "90",
          "97"
        ],
        "route_count": 5
      }
    },
    {
      "type": "Feature",
      "geometry": {
        "type": "Point",
        "coordinates": [
          39.1479671,
          51.7067082
        ]
      },
      "properties": {
        "name": "ТЦ «Молодёжный»",
        "is_terminal": true,
        "routes": [
          "15",
          "18",
          "37",
          "41",
          "5",
          "74",
          "97",
          "99"
        ],
        "route_count": 8
      }
    },
    {
      "type": "Feature",
      "geometry": {
        "type": "Point",
        "coordinates": [
          39.1479751,
          51.704579
        ]
      },
      "properties": {
        "name": "ТЦ «Молодёжный»",
        "is_terminal": false,
        "routes": [
          "15",
          "16",
          "18",
          "37",
          "38",
          "40",
          "54",
          "57",
          "58",
          "74",
          "82"
        ],
        "route_count": 11
      }
    },
    {
      "type": "Feature",
      "geometry": {
        "type": "Point",
        "coordinates": [
          39.1477364,
          51.7066484
        ]
      },
      "properties": {
        "name": "ТЦ «Молодёжный»",
        "is_terminal": true,
        "routes": [
          "99"
        ],
        "route_count": 1
      }
    },
    {
      "type": "Feature",
      "geometry": {
        "type": "Point",
        "coordinates": [
          39.192583,
          51.5525747
        ]
      },
      "properties": {
        "name": "Таврово",
        "is_terminal": false,
        "routes": [
          "48"
        ],
        "route_count": 1
      }
    },
    {
      "type": "Feature",
      "geometry": {
        "type": "Point",
        "coordinates": [
          39.2009273,
          51.5524012
        ]
      },
      "properties": {
        "name": "Таврово-1",
        "is_terminal": false,
        "routes": [
          "48"
        ],
        "route_count": 1
      }
    },
    {
      "type": "Feature",
      "geometry": {
        "type": "Point",
        "coordinates": [
          39.2009917,
          51.5523328
        ]
      },
      "properties": {
        "name": "Таврово-1",
        "is_terminal": false,
        "routes": [
          "48"
        ],
        "route_count": 1
      }
    },
    {
      "type": "Feature",
      "geometry": {
        "type": "Point",
        "coordinates": [
          39.2905265,
          51.670103
        ]
      },
      "properties": {
        "name": "Тверская улица",
        "is_terminal": true,
        "routes": [
          "32",
          "б/н (Школа № 100 - Тверская улица)"
        ],
        "route_count": 2
      }
    },
    {
      "type": "Feature",
      "geometry": {
        "type": "Point",
        "coordinates": [
          39.2910496,
          51.6711749
        ]
      },
      "properties": {
        "name": "Тверская улица",
        "is_terminal": true,
        "routes": [
          "32",
          "б/н (Школа № 100 - Тверская улица)"
        ],
        "route_count": 2
      }
    },
    {
      "type": "Feature",
      "geometry": {
        "type": "Point",
        "coordinates": [
          39.2061603,
          51.6664801
        ]
      },
      "properties": {
        "name": "Театр кукол",
        "is_terminal": false,
        "routes": [
          "1кс",
          "20",
          "21",
          "3",
          "32",
          "41",
          "44",
          "50",
          "51",
          "52",
          "59",
          "70",
          "71",
          "8",
          "83",
          "88",
          "9",
          "90",
          "97"
        ],
        "route_count": 19
      }
    },
    {
      "type": "Feature",
      "geometry": {
        "type": "Point",
        "coordinates": [
          39.2055568,
          51.6660475
        ]
      },
      "properties": {
        "name": "Театр кукол",
        "is_terminal": false,
        "routes": [
          "1кв",
          "20",
          "21",
          "3",
          "30",
          "32",
          "41",
          "44",
          "50",
          "51",
          "52",
          "59",
          "70",
          "71",
          "8",
          "83",
          "88",
          "9",
          "90",
          "97"
        ],
        "route_count": 20
      }
    },
    {
      "type": "Feature",
      "geometry": {
        "type": "Point",
        "coordinates": [
          39.0331578,
          51.5998785
        ]
      },
      "properties": {
        "name": "Тенистая улица",
        "is_terminal": false,
        "routes": [
          "23"
        ],
        "route_count": 1
      }
    },
    {
      "type": "Feature",
      "geometry": {
        "type": "Point",
        "coordinates": [
          39.0334073,
          51.6004766
        ]
      },
      "properties": {
        "name": "Тенистая улица",
        "is_terminal": false,
        "routes": [
          "24"
        ],
        "route_count": 1
      }
    },
    {
      "type": "Feature",
      "geometry": {
        "type": "Point",
        "coordinates": [
          39.2719334,
          51.7201661
        ]
      },
      "properties": {
        "name": "Техникум",
        "is_terminal": false,
        "routes": [
          "10",
          "14",
          "22",
          "43",
          "52",
          "60",
          "88",
          "90"
        ],
        "route_count": 8
      }
    },
    {
      "type": "Feature",
      "geometry": {
        "type": "Point",
        "coordinates": [
          39.2718503,
          51.720088
        ]
      },
      "properties": {
        "name": "Техникум",
        "is_terminal": false,
        "routes": [
          "10",
          "14",
          "22",
          "43",
          "52",
          "60",
          "88",
          "90"
        ],
        "route_count": 8
      }
    },
    {
      "type": "Feature",
      "geometry": {
        "type": "Point",
        "coordinates": [
          39.184311,
          51.6847922
        ]
      },
      "properties": {
        "name": "Технический университет",
        "is_terminal": false,
        "routes": [
          "25",
          "27",
          "35",
          "37",
          "41",
          "45",
          "49",
          "5",
          "55",
          "63",
          "69",
          "7",
          "77",
          "80",
          "9",
          "90",
          "94",
          "95",
          "97",
          "99",
          "б/н (ТД \"ЦДМ\" - Областная больница)"
        ],
        "route_count": 21
      }
    },
    {
      "type": "Feature",
      "geometry": {
        "type": "Point",
        "coordinates": [
          39.183898,
          51.685114
        ]
      },
      "properties": {
        "name": "Технический университет",
        "is_terminal": false,
        "routes": [
          "25",
          "27",
          "35",
          "37",
          "41",
          "45",
          "49",
          "5",
          "55",
          "63",
          "67",
          "69",
          "7",
          "77",
          "80",
          "9",
          "90",
          "94",
          "95",
          "97",
          "99",
          "б/н (ТД \"ЦДМ\" - Областная больница)"
        ],
        "route_count": 22
      }
    },
    {
      "type": "Feature",
      "geometry": {
        "type": "Point",
        "coordinates": [
          39.0939206,
          51.6279478
        ]
      },
      "properties": {
        "name": "Тихорецкая улица",
        "is_terminal": false,
        "routes": [
          "55"
        ],
        "route_count": 1
      }
    },
    {
      "type": "Feature",
      "geometry": {
        "type": "Point",
        "coordinates": [
          39.0944785,
          51.6279945
        ]
      },
      "properties": {
        "name": "Тихорецкая улица",
        "is_terminal": false,
        "routes": [
          "55"
        ],
        "route_count": 1
      }
    },
    {
      "type": "Feature",
      "geometry": {
        "type": "Point",
        "coordinates": [
          39.2842126,
          51.7340071
        ]
      },
      "properties": {
        "name": "Токарная улица",
        "is_terminal": false,
        "routes": [
          "10",
          "22",
          "43",
          "52",
          "60"
        ],
        "route_count": 5
      }
    },
    {
      "type": "Feature",
      "geometry": {
        "type": "Point",
        "coordinates": [
          39.2842877,
          51.7340769
        ]
      },
      "properties": {
        "name": "Токарная улица",
        "is_terminal": false,
        "routes": [
          "60"
        ],
        "route_count": 1
      }
    },
    {
      "type": "Feature",
      "geometry": {
        "type": "Point",
        "coordinates": [
          39.2301956,
          51.5289393
        ]
      },
      "properties": {
        "name": "Тополя-1 (микрорайон имени Будённого)",
        "is_terminal": true,
        "routes": [
          "22",
          "81"
        ],
        "route_count": 2
      }
    },
    {
      "type": "Feature",
      "geometry": {
        "type": "Point",
        "coordinates": [
          39.2298684,
          51.528669
        ]
      },
      "properties": {
        "name": "Тополя-1 (микрорайон имени Будённого)",
        "is_terminal": true,
        "routes": [
          "22",
          "81"
        ],
        "route_count": 2
      }
    },
    {
      "type": "Feature",
      "geometry": {
        "type": "Point",
        "coordinates": [
          39.2242652,
          51.5186609
        ]
      },
      "properties": {
        "name": "Тополя-2 (микрорайон имени Будённого)",
        "is_terminal": true,
        "routes": [
          "22",
          "81"
        ],
        "route_count": 2
      }
    },
    {
      "type": "Feature",
      "geometry": {
        "type": "Point",
        "coordinates": [
          39.224174,
          51.5188278
        ]
      },
      "properties": {
        "name": "Тополя-2 (микрорайон имени Будённого)",
        "is_terminal": true,
        "routes": [
          "22",
          "81"
        ],
        "route_count": 2
      }
    },
    {
      "type": "Feature",
      "geometry": {
        "type": "Point",
        "coordinates": [
          39.1790982,
          51.7279474
        ]
      },
      "properties": {
        "name": "Торговое училище",
        "is_terminal": false,
        "routes": [
          "16",
          "3",
          "40",
          "47",
          "49",
          "50",
          "51",
          "80",
          "9",
          "94",
          "б/н (ТД \"ЦДМ\" - Областная больница)"
        ],
        "route_count": 11
      }
    },
    {
      "type": "Feature",
      "geometry": {
        "type": "Point",
        "coordinates": [
          39.1783367,
          51.7280739
        ]
      },
      "properties": {
        "name": "Торговое училище",
        "is_terminal": false,
        "routes": [
          "16",
          "3",
          "47",
          "49",
          "51",
          "80",
          "9",
          "94",
          "б/н (ТД \"ЦДМ\" - Областная больница)"
        ],
        "route_count": 9
      }
    },
    {
      "type": "Feature",
      "geometry": {
        "type": "Point",
        "coordinates": [
          39.1845149,
          51.6640428
        ]
      },
      "properties": {
        "name": "Трамвайно-троллейбусное управление",
        "is_terminal": false,
        "routes": [
          "54",
          "61",
          "95"
        ],
        "route_count": 3
      }
    },
    {
      "type": "Feature",
      "geometry": {
        "type": "Point",
        "coordinates": [
          39.1894588,
          51.7030754
        ]
      },
      "properties": {
        "name": "Троллейбусное депо № 2, ЖК «Острова»",
        "is_terminal": false,
        "routes": [
          "7"
        ],
        "route_count": 1
      }
    },
    {
      "type": "Feature",
      "geometry": {
        "type": "Point",
        "coordinates": [
          39.0821323,
          51.6316174
        ]
      },
      "properties": {
        "name": "Турбаза Дон",
        "is_terminal": false,
        "routes": [
          "24",
          "6"
        ],
        "route_count": 2
      }
    },
    {
      "type": "Feature",
      "geometry": {
        "type": "Point",
        "coordinates": [
          39.0823737,
          51.6318355
        ]
      },
      "properties": {
        "name": "Турбаза Дон",
        "is_terminal": false,
        "routes": [
          "23",
          "6"
        ],
        "route_count": 2
      }
    },
    {
      "type": "Feature",
      "geometry": {
        "type": "Point",
        "coordinates": [
          39.1588676,
          51.7250677
        ]
      },
      "properties": {
        "name": "Улица 1 Мая",
        "is_terminal": false,
        "routes": [
          "18",
          "44"
        ],
        "route_count": 2
      }
    },
    {
      "type": "Feature",
      "geometry": {
        "type": "Point",
        "coordinates": [
          39.1614667,
          51.7254548
        ]
      },
      "properties": {
        "name": "Улица 1 Мая",
        "is_terminal": false,
        "routes": [
          "18",
          "44"
        ],
        "route_count": 2
      }
    },
    {
      "type": "Feature",
      "geometry": {
        "type": "Point",
        "coordinates": [
          39.0939474,
          51.6806534
        ]
      },
      "properties": {
        "name": "Улица 232-й Стрелковой Дивизии",
        "is_terminal": false,
        "routes": [
          "17",
          "60",
          "61",
          "8",
          "82"
        ],
        "route_count": 5
      }
    },
    {
      "type": "Feature",
      "geometry": {
        "type": "Point",
        "coordinates": [
          39.0942264,
          51.6805121
        ]
      },
      "properties": {
        "name": "Улица 232-й Стрелковой Дивизии",
        "is_terminal": false,
        "routes": [
          "17",
          "60",
          "61",
          "8",
          "82"
        ],
        "route_count": 5
      }
    },
    {
      "type": "Feature",
      "geometry": {
        "type": "Point",
        "coordinates": [
          39.173255,
          51.6947559
        ]
      },
      "properties": {
        "name": "Улица 303-й Стрелковой Дивизии",
        "is_terminal": false,
        "routes": [
          "45",
          "67"
        ],
        "route_count": 2
      }
    },
    {
      "type": "Feature",
      "geometry": {
        "type": "Point",
        "coordinates": [
          39.173491,
          51.6949355
        ]
      },
      "properties": {
        "name": "Улица 303-й Стрелковой Дивизии",
        "is_terminal": false,
        "routes": [
          "45"
        ],
        "route_count": 1
      }
    },
    {
      "type": "Feature",
      "geometry": {
        "type": "Point",
        "coordinates": [
          39.1829145,
          51.6961615
        ]
      },
      "properties": {
        "name": "Улица 45-й Стрелковой Дивизии",
        "is_terminal": false,
        "routes": [
          "25",
          "27",
          "35",
          "37",
          "41",
          "45",
          "49",
          "5",
          "63",
          "69",
          "7",
          "77",
          "80",
          "9",
          "90",
          "94",
          "95",
          "97",
          "99",
          "б/н (ТД \"ЦДМ\" - Областная больница)"
        ],
        "route_count": 20
      }
    },
    {
      "type": "Feature",
      "geometry": {
        "type": "Point",
        "coordinates": [
          39.1825622,
          51.6964683
        ]
      },
      "properties": {
        "name": "Улица 45-й Стрелковой Дивизии",
        "is_terminal": false,
        "routes": [
          "25",
          "27",
          "35",
          "37",
          "41",
          "49",
          "5",
          "63",
          "69",
          "7",
          "77",
          "80",
          "9",
          "90",
          "94",
          "95",
          "97",
          "99",
          "б/н (ТД \"ЦДМ\" - Областная больница)"
        ],
        "route_count": 19
      }
    },
    {
      "type": "Feature",
      "geometry": {
        "type": "Point",
        "coordinates": [
          39.1274616,
          51.6934774
        ]
      },
      "properties": {
        "name": "Улица 45-й Стрелковой Дивизии",
        "is_terminal": false,
        "routes": [
          "15",
          "54",
          "57",
          "58",
          "82"
        ],
        "route_count": 5
      }
    },
    {
      "type": "Feature",
      "geometry": {
        "type": "Point",
        "coordinates": [
          39.1258442,
          51.6920625
        ]
      },
      "properties": {
        "name": "Улица 45-й Стрелковой Дивизии",
        "is_terminal": false,
        "routes": [
          "15",
          "54",
          "57",
          "58",
          "82"
        ],
        "route_count": 5
      }
    },
    {
      "type": "Feature",
      "geometry": {
        "type": "Point",
        "coordinates": [
          39.1863629,
          51.6506519
        ]
      },
      "properties": {
        "name": "Улица 5 Декабря",
        "is_terminal": false,
        "routes": [
          "21",
          "24",
          "3",
          "5",
          "51",
          "80",
          "83",
          "92",
          "с93"
        ],
        "route_count": 9
      }
    },
    {
      "type": "Feature",
      "geometry": {
        "type": "Point",
        "coordinates": [
          39.185822,
          51.6498899
        ]
      },
      "properties": {
        "name": "Улица 5 Декабря",
        "is_terminal": false,
        "routes": [
          "21",
          "23",
          "3",
          "5",
          "51",
          "80",
          "83",
          "92",
          "с93"
        ],
        "route_count": 9
      }
    },
    {
      "type": "Feature",
      "geometry": {
        "type": "Point",
        "coordinates": [
          39.3266264,
          51.7428467
        ]
      },
      "properties": {
        "name": "Улица 50-летия ВЛКСМ",
        "is_terminal": false,
        "routes": [
          "60",
          "90"
        ],
        "route_count": 2
      }
    },
    {
      "type": "Feature",
      "geometry": {
        "type": "Point",
        "coordinates": [
          39.3266451,
          51.7429414
        ]
      },
      "properties": {
        "name": "Улица 50-летия ВЛКСМ",
        "is_terminal": false,
        "routes": [
          "90"
        ],
        "route_count": 1
      }
    },
    {
      "type": "Feature",
      "geometry": {
        "type": "Point",
        "coordinates": [
          39.1642535,
          51.7062528
        ]
      },
      "properties": {
        "name": "Улица 60-й Армии",
        "is_terminal": false,
        "routes": [
          "15",
          "16",
          "25",
          "38",
          "40",
          "47",
          "5",
          "57",
          "58",
          "90"
        ],
        "route_count": 10
      }
    },
    {
      "type": "Feature",
      "geometry": {
        "type": "Point",
        "coordinates": [
          39.1646934,
          51.7061397
        ]
      },
      "properties": {
        "name": "Улица 60-й Армии",
        "is_terminal": false,
        "routes": [
          "16",
          "25",
          "38",
          "40",
          "47",
          "5",
          "54",
          "57",
          "58",
          "90"
        ],
        "route_count": 10
      }
    },
    {
      "type": "Feature",
      "geometry": {
        "type": "Point",
        "coordinates": [
          39.1632771,
          51.7122926
        ]
      },
      "properties": {
        "name": "Улица 60-й Армии",
        "is_terminal": false,
        "routes": [
          "27",
          "37",
          "41",
          "44",
          "54",
          "74",
          "82",
          "97",
          "99"
        ],
        "route_count": 9
      }
    },
    {
      "type": "Feature",
      "geometry": {
        "type": "Point",
        "coordinates": [
          39.1618314,
          51.7019094
        ]
      },
      "properties": {
        "name": "Улица 60-й Армии",
        "is_terminal": false,
        "routes": [
          "35",
          "77"
        ],
        "route_count": 2
      }
    },
    {
      "type": "Feature",
      "geometry": {
        "type": "Point",
        "coordinates": [
          39.161641,
          51.7017182
        ]
      },
      "properties": {
        "name": "Улица 60-й Армии",
        "is_terminal": false,
        "routes": [
          "35",
          "63",
          "77"
        ],
        "route_count": 3
      }
    },
    {
      "type": "Feature",
      "geometry": {
        "type": "Point",
        "coordinates": [
          39.1664287,
          51.7121846
        ]
      },
      "properties": {
        "name": "Улица 60-й Армии",
        "is_terminal": false,
        "routes": [
          "37",
          "41",
          "44",
          "74",
          "97",
          "99"
        ],
        "route_count": 6
      }
    },
    {
      "type": "Feature",
      "geometry": {
        "type": "Point",
        "coordinates": [
          39.1549945,
          51.7058173
        ]
      },
      "properties": {
        "name": "Улица 60-летия ВЛКСМ",
        "is_terminal": false,
        "routes": [
          "15",
          "16",
          "25",
          "38",
          "40",
          "47",
          "5",
          "57",
          "58",
          "90"
        ],
        "route_count": 10
      }
    },
    {
      "type": "Feature",
      "geometry": {
        "type": "Point",
        "coordinates": [
          39.1554505,
          51.7057092
        ]
      },
      "properties": {
        "name": "Улица 60-летия ВЛКСМ",
        "is_terminal": false,
        "routes": [
          "16",
          "25",
          "38",
          "40",
          "47",
          "5",
          "54",
          "57",
          "58",
          "90"
        ],
        "route_count": 10
      }
    },
    {
      "type": "Feature",
      "geometry": {
        "type": "Point",
        "coordinates": [
          39.1569498,
          51.7117342
        ]
      },
      "properties": {
        "name": "Улица 60-летия ВЛКСМ",
        "is_terminal": false,
        "routes": [
          "15",
          "18",
          "37",
          "41",
          "44",
          "58",
          "74",
          "97",
          "99"
        ],
        "route_count": 9
      }
    },
    {
      "type": "Feature",
      "geometry": {
        "type": "Point",
        "coordinates": [
          39.1568801,
          51.7119918
        ]
      },
      "properties": {
        "name": "Улица 60-летия ВЛКСМ",
        "is_terminal": false,
        "routes": [
          "18",
          "37",
          "41",
          "44",
          "54",
          "58",
          "74",
          "82",
          "97",
          "99"
        ],
        "route_count": 10
      }
    },
    {
      "type": "Feature",
      "geometry": {
        "type": "Point",
        "coordinates": [
          39.1130386,
          51.6859805
        ]
      },
      "properties": {
        "name": "Улица 9 Января, 304Б",
        "is_terminal": false,
        "routes": [
          "17",
          "60",
          "61",
          "8",
          "82"
        ],
        "route_count": 5
      }
    },
    {
      "type": "Feature",
      "geometry": {
        "type": "Point",
        "coordinates": [
          39.1818005,
          51.7295501
        ]
      },
      "properties": {
        "name": "Улица Академика Конопатова",
        "is_terminal": false,
        "routes": [
          "40",
          "50",
          "51"
        ],
        "route_count": 3
      }
    },
    {
      "type": "Feature",
      "geometry": {
        "type": "Point",
        "coordinates": [
          39.1269574,
          51.6576954
        ]
      },
      "properties": {
        "name": "Улица Антокольского",
        "is_terminal": false,
        "routes": [
          "71"
        ],
        "route_count": 1
      }
    },
    {
      "type": "Feature",
      "geometry": {
        "type": "Point",
        "coordinates": [
          39.127247,
          51.6578568
        ]
      },
      "properties": {
        "name": "Улица Антокольского",
        "is_terminal": false,
        "routes": [
          "71"
        ],
        "route_count": 1
      }
    },
    {
      "type": "Feature",
      "geometry": {
        "type": "Point",
        "coordinates": [
          39.137831,
          51.7062478
        ]
      },
      "properties": {
        "name": "Улица Антонова-Овсеенко",
        "is_terminal": true,
        "routes": [
          "18",
          "77"
        ],
        "route_count": 2
      }
    },
    {
      "type": "Feature",
      "geometry": {
        "type": "Point",
        "coordinates": [
          39.1381824,
          51.7066932
        ]
      },
      "properties": {
        "name": "Улица Антонова-Овсеенко",
        "is_terminal": true,
        "routes": [
          "18",
          "25",
          "41",
          "47",
          "77",
          "90",
          "97"
        ],
        "route_count": 7
      }
    },
    {
      "type": "Feature",
      "geometry": {
        "type": "Point",
        "coordinates": [
          39.1377801,
          51.7069076
        ]
      },
      "properties": {
        "name": "Улица Антонова-Овсеенко",
        "is_terminal": true,
        "routes": [
          "25",
          "41",
          "47",
          "90",
          "97"
        ],
        "route_count": 5
      }
    },
    {
      "type": "Feature",
      "geometry": {
        "type": "Point",
        "coordinates": [
          39.1772193,
          51.6549698
        ]
      },
      "properties": {
        "name": "Улица Бахметьева",
        "is_terminal": false,
        "routes": [
          "10",
          "12",
          "20",
          "24",
          "27",
          "33",
          "36",
          "52",
          "54",
          "55",
          "6",
          "70",
          "81",
          "87",
          "88"
        ],
        "route_count": 15
      }
    },
    {
      "type": "Feature",
      "geometry": {
        "type": "Point",
        "coordinates": [
          39.1772085,
          51.6546985
        ]
      },
      "properties": {
        "name": "Улица Бахметьева",
        "is_terminal": false,
        "routes": [
          "10",
          "12",
          "20",
          "23",
          "27",
          "33",
          "36",
          "52",
          "54",
          "55",
          "6",
          "70",
          "81",
          "87",
          "88"
        ],
        "route_count": 15
      }
    },
    {
      "type": "Feature",
      "geometry": {
        "type": "Point",
        "coordinates": [
          39.1787213,
          51.6518146
        ]
      },
      "properties": {
        "name": "Улица Бахметьева",
        "is_terminal": false,
        "routes": [
          "37",
          "50",
          "72"
        ],
        "route_count": 3
      }
    },
    {
      "type": "Feature",
      "geometry": {
        "type": "Point",
        "coordinates": [
          39.1786033,
          51.6519628
        ]
      },
      "properties": {
        "name": "Улица Бахметьева",
        "is_terminal": false,
        "routes": [
          "37",
          "50",
          "72"
        ],
        "route_count": 3
      }
    },
    {
      "type": "Feature",
      "geometry": {
        "type": "Point",
        "coordinates": [
          39.1702965,
          51.6628998
        ]
      },
      "properties": {
        "name": "Улица Бахметьева",
        "is_terminal": false,
        "routes": [
          "71",
          "95"
        ],
        "route_count": 2
      }
    },
    {
      "type": "Feature",
      "geometry": {
        "type": "Point",
        "coordinates": [
          39.1683344,
          51.6622818
        ]
      },
      "properties": {
        "name": "Улица Бахметьева",
        "is_terminal": false,
        "routes": [
          "71",
          "95"
        ],
        "route_count": 2
      }
    },
    {
      "type": "Feature",
      "geometry": {
        "type": "Point",
        "coordinates": [
          39.2237502,
          51.7017814
        ]
      },
      "properties": {
        "name": "Улица Берёзовая Роща",
        "is_terminal": true,
        "routes": [
          "70"
        ],
        "route_count": 1
      }
    },
    {
      "type": "Feature",
      "geometry": {
        "type": "Point",
        "coordinates": [
          39.1687569,
          51.7022102
        ]
      },
      "properties": {
        "name": "Улица Беспаловой",
        "is_terminal": false,
        "routes": [
          "35",
          "77"
        ],
        "route_count": 2
      }
    },
    {
      "type": "Feature",
      "geometry": {
        "type": "Point",
        "coordinates": [
          39.168191,
          51.7020291
        ]
      },
      "properties": {
        "name": "Улица Беспаловой",
        "is_terminal": false,
        "routes": [
          "35",
          "63",
          "77"
        ],
        "route_count": 3
      }
    },
    {
      "type": "Feature",
      "geometry": {
        "type": "Point",
        "coordinates": [
          39.1948119,
          51.6492093
        ]
      },
      "properties": {
        "name": "Улица Бетховена",
        "is_terminal": false,
        "routes": [
          "1кс",
          "25",
          "26",
          "35",
          "36",
          "49",
          "72",
          "81",
          "86",
          "87"
        ],
        "route_count": 10
      }
    },
    {
      "type": "Feature",
      "geometry": {
        "type": "Point",
        "coordinates": [
          39.1943854,
          51.6492185
        ]
      },
      "properties": {
        "name": "Улица Бетховена",
        "is_terminal": false,
        "routes": [
          "1кв",
          "25",
          "26",
          "30",
          "35",
          "36",
          "49",
          "72",
          "81",
          "86",
          "87"
        ],
        "route_count": 11
      }
    },
    {
      "type": "Feature",
      "geometry": {
        "type": "Point",
        "coordinates": [
          39.2478821,
          51.6635736
        ]
      },
      "properties": {
        "name": "Улица Брусилова",
        "is_terminal": false,
        "routes": [
          "13",
          "14",
          "16",
          "1кс",
          "20",
          "22",
          "234 (Воронеж - Солнечный)",
          "36",
          "65",
          "72",
          "97"
        ],
        "route_count": 11
      }
    },
    {
      "type": "Feature",
      "geometry": {
        "type": "Point",
        "coordinates": [
          39.2484118,
          51.6639222
        ]
      },
      "properties": {
        "name": "Улица Брусилова",
        "is_terminal": false,
        "routes": [
          "13",
          "14",
          "16",
          "1кв",
          "22",
          "36",
          "65",
          "72"
        ],
        "route_count": 8
      }
    },
    {
      "type": "Feature",
      "geometry": {
        "type": "Point",
        "coordinates": [
          39.1665012,
          51.6944566
        ]
      },
      "properties": {
        "name": "Улица Верещагина",
        "is_terminal": false,
        "routes": [
          "45",
          "67"
        ],
        "route_count": 2
      }
    },
    {
      "type": "Feature",
      "geometry": {
        "type": "Point",
        "coordinates": [
          39.1668445,
          51.6946426
        ]
      },
      "properties": {
        "name": "Улица Верещагина",
        "is_terminal": false,
        "routes": [
          "45"
        ],
        "route_count": 1
      }
    },
    {
      "type": "Feature",
      "geometry": {
        "type": "Point",
        "coordinates": [
          39.148702,
          51.7082623
        ]
      },
      "properties": {
        "name": "Улица Владимира Невского",
        "is_terminal": false,
        "routes": [
          "15",
          "18",
          "37",
          "41",
          "5",
          "74",
          "97",
          "99"
        ],
        "route_count": 8
      }
    },
    {
      "type": "Feature",
      "geometry": {
        "type": "Point",
        "coordinates": [
          39.14893,
          51.7086512
        ]
      },
      "properties": {
        "name": "Улица Владимира Невского",
        "is_terminal": false,
        "routes": [
          "18",
          "37",
          "41",
          "5",
          "54",
          "74",
          "82",
          "97",
          "99"
        ],
        "route_count": 9
      }
    },
    {
      "type": "Feature",
      "geometry": {
        "type": "Point",
        "coordinates": [
          39.1485626,
          51.7021471
        ]
      },
      "properties": {
        "name": "Улица Владимира Невского, магазин «Колос»",
        "is_terminal": false,
        "routes": [
          "15",
          "16",
          "18",
          "37",
          "38",
          "40",
          "54",
          "57",
          "58",
          "74"
        ],
        "route_count": 10
      }
    },
    {
      "type": "Feature",
      "geometry": {
        "type": "Point",
        "coordinates": [
          39.1482997,
          51.7020074
        ]
      },
      "properties": {
        "name": "Улица Владимира Невского, магазин «Колос»",
        "is_terminal": false,
        "routes": [
          "15",
          "16",
          "18",
          "37",
          "38",
          "40",
          "54",
          "57",
          "58",
          "74",
          "82"
        ],
        "route_count": 11
      }
    },
    {
      "type": "Feature",
      "geometry": {
        "type": "Point",
        "coordinates": [
          39.1841555,
          51.6572827
        ]
      },
      "properties": {
        "name": "Улица Ворошилова",
        "is_terminal": false,
        "routes": [
          "10",
          "12",
          "20",
          "24",
          "27",
          "33",
          "36",
          "52",
          "54",
          "55",
          "6",
          "70",
          "71",
          "81",
          "87",
          "88"
        ],
        "route_count": 16
      }
    },
    {
      "type": "Feature",
      "geometry": {
        "type": "Point",
        "coordinates": [
          39.1824134,
          51.6564823
        ]
      },
      "properties": {
        "name": "Улица Ворошилова",
        "is_terminal": false,
        "routes": [
          "10",
          "12",
          "20",
          "23",
          "27",
          "33",
          "36",
          "52",
          "54",
          "55",
          "6",
          "70",
          "71",
          "81",
          "87",
          "88"
        ],
        "route_count": 16
      }
    },
    {
      "type": "Feature",
      "geometry": {
        "type": "Point",
        "coordinates": [
          39.1733247,
          51.7066849
        ]
      },
      "properties": {
        "name": "Улица Генерала Лизюкова",
        "is_terminal": false,
        "routes": [
          "15",
          "16",
          "25",
          "38",
          "40",
          "47",
          "5",
          "57",
          "58",
          "90"
        ],
        "route_count": 10
      }
    },
    {
      "type": "Feature",
      "geometry": {
        "type": "Point",
        "coordinates": [
          39.1741616,
          51.7061198
        ]
      },
      "properties": {
        "name": "Улица Генерала Лизюкова",
        "is_terminal": false,
        "routes": [
          "25",
          "37",
          "38",
          "40",
          "41",
          "47",
          "5",
          "90",
          "97",
          "99"
        ],
        "route_count": 10
      }
    },
    {
      "type": "Feature",
      "geometry": {
        "type": "Point",
        "coordinates": [
          39.1742957,
          51.7069775
        ]
      },
      "properties": {
        "name": "Улица Генерала Лизюкова",
        "is_terminal": false,
        "routes": [
          "16",
          "37",
          "41",
          "54",
          "57",
          "58",
          "97",
          "99"
        ],
        "route_count": 8
      }
    },
    {
      "type": "Feature",
      "geometry": {
        "type": "Point",
        "coordinates": [
          39.1034317,
          51.6579782
        ]
      },
      "properties": {
        "name": "Улица Генерала Перхоровича",
        "is_terminal": true,
        "routes": [
          "10",
          "20",
          "37",
          "50",
          "70",
          "85",
          "95"
        ],
        "route_count": 7
      }
    },
    {
      "type": "Feature",
      "geometry": {
        "type": "Point",
        "coordinates": [
          39.1039333,
          51.6547216
        ]
      },
      "properties": {
        "name": "Улица Генерала Перхоровича",
        "is_terminal": true,
        "routes": [
          "10",
          "20",
          "23",
          "33",
          "36",
          "37",
          "50",
          "70",
          "77",
          "80",
          "81",
          "85",
          "87",
          "95"
        ],
        "route_count": 14
      }
    },
    {
      "type": "Feature",
      "geometry": {
        "type": "Point",
        "coordinates": [
          39.1039193,
          51.6548977
        ]
      },
      "properties": {
        "name": "Улица Генерала Перхоровича",
        "is_terminal": true,
        "routes": [
          "10",
          "20",
          "24",
          "33",
          "36",
          "37",
          "50",
          "70",
          "77",
          "80",
          "81",
          "85",
          "87",
          "95"
        ],
        "route_count": 14
      }
    },
    {
      "type": "Feature",
      "geometry": {
        "type": "Point",
        "coordinates": [
          39.1036248,
          51.6579849
        ]
      },
      "properties": {
        "name": "Улица Генерала Перхоровича",
        "is_terminal": true,
        "routes": [
          "10",
          "20",
          "37",
          "50",
          "70",
          "85",
          "95"
        ],
        "route_count": 7
      }
    },
    {
      "type": "Feature",
      "geometry": {
        "type": "Point",
        "coordinates": [
          39.1040674,
          51.6582694
        ]
      },
      "properties": {
        "name": "Улица Генерала Перхоровича",
        "is_terminal": true,
        "routes": [
          "71",
          "88"
        ],
        "route_count": 2
      }
    },
    {
      "type": "Feature",
      "geometry": {
        "type": "Point",
        "coordinates": [
          39.104054,
          51.6583942
        ]
      },
      "properties": {
        "name": "Улица Генерала Перхоровича",
        "is_terminal": true,
        "routes": [
          "71",
          "88"
        ],
        "route_count": 2
      }
    },
    {
      "type": "Feature",
      "geometry": {
        "type": "Point",
        "coordinates": [
          39.1004725,
          51.6514683
        ]
      },
      "properties": {
        "name": "Улица Генерала Перхоровича (троллейбусная конечная - высадка)",
        "is_terminal": true,
        "routes": [
          "33",
          "77",
          "80"
        ],
        "route_count": 3
      }
    },
    {
      "type": "Feature",
      "geometry": {
        "type": "Point",
        "coordinates": [
          39.1003659,
          51.6509435
        ]
      },
      "properties": {
        "name": "Улица Генерала Перхоровича (троллейбусная конечная - посадка)",
        "is_terminal": true,
        "routes": [
          "33",
          "77",
          "80"
        ],
        "route_count": 3
      }
    },
    {
      "type": "Feature",
      "geometry": {
        "type": "Point",
        "coordinates": [
          39.1458508,
          51.6445417
        ]
      },
      "properties": {
        "name": "Улица Героев Сибиряков",
        "is_terminal": false,
        "routes": [
          "27",
          "55",
          "6",
          "80",
          "81",
          "85",
          "87",
          "с76"
        ],
        "route_count": 8
      }
    },
    {
      "type": "Feature",
      "geometry": {
        "type": "Point",
        "coordinates": [
          39.1469242,
          51.6443514
        ]
      },
      "properties": {
        "name": "Улица Героев Сибиряков",
        "is_terminal": false,
        "routes": [
          "27",
          "37",
          "50",
          "55",
          "6",
          "80",
          "81",
          "85",
          "87",
          "с76"
        ],
        "route_count": 10
      }
    },
    {
      "type": "Feature",
      "geometry": {
        "type": "Point",
        "coordinates": [
          39.1459394,
          51.6447373
        ]
      },
      "properties": {
        "name": "Улица Героев Сибиряков",
        "is_terminal": false,
        "routes": [
          "12",
          "37",
          "50",
          "54",
          "66",
          "72"
        ],
        "route_count": 6
      }
    },
    {
      "type": "Feature",
      "geometry": {
        "type": "Point",
        "coordinates": [
          39.1890344,
          51.6350319
        ]
      },
      "properties": {
        "name": "Улица Грамши",
        "is_terminal": false,
        "routes": [
          "3",
          "5",
          "80"
        ],
        "route_count": 3
      }
    },
    {
      "type": "Feature",
      "geometry": {
        "type": "Point",
        "coordinates": [
          39.1887286,
          51.6354548
        ]
      },
      "properties": {
        "name": "Улица Грамши",
        "is_terminal": false,
        "routes": [
          "3",
          "5",
          "80"
        ],
        "route_count": 3
      }
    },
    {
      "type": "Feature",
      "geometry": {
        "type": "Point",
        "coordinates": [
          39.2515415,
          51.6706671
        ]
      },
      "properties": {
        "name": "Улица Димитрова",
        "is_terminal": true,
        "routes": [
          "13",
          "14",
          "16",
          "18",
          "1кс",
          "21",
          "22",
          "234 (Воронеж - Солнечный)",
          "32",
          "36",
          "41",
          "52",
          "59",
          "6",
          "60",
          "63",
          "65",
          "72",
          "8",
          "90",
          "б/н (ТЦ «ЦДМ» - Улица Димитрова)"
        ],
        "route_count": 21
      }
    },
    {
      "type": "Feature",
      "geometry": {
        "type": "Point",
        "coordinates": [
          39.2524624,
          51.6717233
        ]
      },
      "properties": {
        "name": "Улица Димитрова",
        "is_terminal": true,
        "routes": [
          "13",
          "14",
          "16",
          "18",
          "1кв",
          "21",
          "22",
          "32",
          "36",
          "41",
          "52",
          "59",
          "6",
          "60",
          "63",
          "65",
          "72",
          "8",
          "90"
        ],
        "route_count": 19
      }
    },
    {
      "type": "Feature",
      "geometry": {
        "type": "Point",
        "coordinates": [
          39.253276,
          51.6733236
        ]
      },
      "properties": {
        "name": "Улица Димитрова, Левобережная автостанция",
        "is_terminal": true,
        "routes": [
          "14",
          "16",
          "18",
          "1кс",
          "21",
          "22",
          "234 (Воронеж - Солнечный)",
          "32",
          "52",
          "59",
          "60",
          "72",
          "90",
          "б/н (ТЦ «ЦДМ» - Улица Димитрова)",
          "с53"
        ],
        "route_count": 15
      }
    },
    {
      "type": "Feature",
      "geometry": {
        "type": "Point",
        "coordinates": [
          39.253976,
          51.6735432
        ]
      },
      "properties": {
        "name": "Улица Димитрова, Левобережная автостанция",
        "is_terminal": true,
        "routes": [
          "14",
          "16",
          "18",
          "1кв",
          "21",
          "22",
          "32",
          "38",
          "43",
          "52",
          "59",
          "60",
          "72",
          "90",
          "с53"
        ],
        "route_count": 15
      }
    },
    {
      "type": "Feature",
      "geometry": {
        "type": "Point",
        "coordinates": [
          39.2549336,
          51.6715588
        ]
      },
      "properties": {
        "name": "Улица Димитрова, Левобережная автостанция",
        "is_terminal": false,
        "routes": [
          "13",
          "36",
          "38",
          "41",
          "43",
          "6",
          "63",
          "65",
          "8"
        ],
        "route_count": 9
      }
    },
    {
      "type": "Feature",
      "geometry": {
        "type": "Point",
        "coordinates": [
          39.266974,
          51.6898278
        ]
      },
      "properties": {
        "name": "Улица Добролюбова",
        "is_terminal": false,
        "routes": [
          "10",
          "12",
          "14",
          "21",
          "22",
          "43",
          "47",
          "52",
          "60",
          "66",
          "88",
          "90"
        ],
        "route_count": 12
      }
    },
    {
      "type": "Feature",
      "geometry": {
        "type": "Point",
        "coordinates": [
          39.266628,
          51.6898976
        ]
      },
      "properties": {
        "name": "Улица Добролюбова",
        "is_terminal": false,
        "routes": [
          "10",
          "12",
          "14",
          "21",
          "22",
          "43",
          "47",
          "52",
          "60",
          "88",
          "90"
        ],
        "route_count": 11
      }
    },
    {
      "type": "Feature",
      "geometry": {
        "type": "Point",
        "coordinates": [
          39.1455786,
          51.6580456
        ]
      },
      "properties": {
        "name": "Улица Домостроителей",
        "is_terminal": false,
        "routes": [
          "10",
          "33",
          "36",
          "77"
        ],
        "route_count": 4
      }
    },
    {
      "type": "Feature",
      "geometry": {
        "type": "Point",
        "coordinates": [
          39.1446277,
          51.6579449
        ]
      },
      "properties": {
        "name": "Улица Домостроителей",
        "is_terminal": false,
        "routes": [
          "10",
          "33",
          "36",
          "77"
        ],
        "route_count": 4
      }
    },
    {
      "type": "Feature",
      "geometry": {
        "type": "Point",
        "coordinates": [
          39.1498446,
          51.6527382
        ]
      },
      "properties": {
        "name": "Улица Домостроителей",
        "is_terminal": false,
        "routes": [
          "12",
          "20",
          "23",
          "52",
          "54",
          "70",
          "72",
          "88"
        ],
        "route_count": 8
      }
    },
    {
      "type": "Feature",
      "geometry": {
        "type": "Point",
        "coordinates": [
          39.1481763,
          51.6537267
        ]
      },
      "properties": {
        "name": "Улица Домостроителей",
        "is_terminal": false,
        "routes": [
          "17",
          "71",
          "95"
        ],
        "route_count": 3
      }
    },
    {
      "type": "Feature",
      "geometry": {
        "type": "Point",
        "coordinates": [
          39.1500539,
          51.6548673
        ]
      },
      "properties": {
        "name": "Улица Домостроителей",
        "is_terminal": false,
        "routes": [
          "17",
          "66",
          "71",
          "95"
        ],
        "route_count": 4
      }
    },
    {
      "type": "Feature",
      "geometry": {
        "type": "Point",
        "coordinates": [
          39.1498098,
          51.6529795
        ]
      },
      "properties": {
        "name": "Улица Домостроителей",
        "is_terminal": false,
        "routes": [
          "20",
          "24",
          "52",
          "70",
          "88"
        ],
        "route_count": 5
      }
    },
    {
      "type": "Feature",
      "geometry": {
        "type": "Point",
        "coordinates": [
          39.10532,
          51.700272
        ]
      },
      "properties": {
        "name": "Улица Екатерины Зеленко",
        "is_terminal": true,
        "routes": [
          "82"
        ],
        "route_count": 1
      }
    },
    {
      "type": "Feature",
      "geometry": {
        "type": "Point",
        "coordinates": [
          39.1054112,
          51.7002869
        ]
      },
      "properties": {
        "name": "Улица Екатерины Зеленко",
        "is_terminal": true,
        "routes": [
          "82"
        ],
        "route_count": 1
      }
    },
    {
      "type": "Feature",
      "geometry": {
        "type": "Point",
        "coordinates": [
          39.1784585,
          51.6334637
        ]
      },
      "properties": {
        "name": "Улица Журналистов",
        "is_terminal": false,
        "routes": [
          "5",
          "80"
        ],
        "route_count": 2
      }
    },
    {
      "type": "Feature",
      "geometry": {
        "type": "Point",
        "coordinates": [
          39.1785845,
          51.6336718
        ]
      },
      "properties": {
        "name": "Улица Журналистов",
        "is_terminal": false,
        "routes": [
          "5",
          "80"
        ],
        "route_count": 2
      }
    },
    {
      "type": "Feature",
      "geometry": {
        "type": "Point",
        "coordinates": [
          39.190736,
          51.718285
        ]
      },
      "properties": {
        "name": "Улица Загоровского",
        "is_terminal": false,
        "routes": [
          "40",
          "50"
        ],
        "route_count": 2
      }
    },
    {
      "type": "Feature",
      "geometry": {
        "type": "Point",
        "coordinates": [
          39.1912436,
          51.7179265
        ]
      },
      "properties": {
        "name": "Улица Загоровского",
        "is_terminal": false,
        "routes": [
          "234 (Воронеж - Солнечный)"
        ],
        "route_count": 1
      }
    },
    {
      "type": "Feature",
      "geometry": {
        "type": "Point",
        "coordinates": [
          39.2970121,
          51.7280117
        ]
      },
      "properties": {
        "name": "Улица Землячки",
        "is_terminal": true,
        "routes": [
          "47"
        ],
        "route_count": 1
      }
    },
    {
      "type": "Feature",
      "geometry": {
        "type": "Point",
        "coordinates": [
          39.2470077,
          51.6653233
        ]
      },
      "properties": {
        "name": "Улица Ильича",
        "is_terminal": false,
        "routes": [
          "20",
          "21",
          "32",
          "41",
          "52",
          "59",
          "6",
          "60",
          "63",
          "8",
          "90",
          "97",
          "б/н (ТЦ «ЦДМ» - Улица Димитрова)"
        ],
        "route_count": 13
      }
    },
    {
      "type": "Feature",
      "geometry": {
        "type": "Point",
        "coordinates": [
          39.2466697,
          51.6648763
        ]
      },
      "properties": {
        "name": "Улица Ильича",
        "is_terminal": false,
        "routes": [
          "20",
          "21",
          "32",
          "41",
          "52",
          "59",
          "6",
          "60",
          "63",
          "8",
          "90",
          "97"
        ],
        "route_count": 12
      }
    },
    {
      "type": "Feature",
      "geometry": {
        "type": "Point",
        "coordinates": [
          39.0414995,
          51.5732989
        ]
      },
      "properties": {
        "name": "Улица Испытателей",
        "is_terminal": false,
        "routes": [
          "23"
        ],
        "route_count": 1
      }
    },
    {
      "type": "Feature",
      "geometry": {
        "type": "Point",
        "coordinates": [
          39.041537,
          51.5729824
        ]
      },
      "properties": {
        "name": "Улица Испытателей",
        "is_terminal": false,
        "routes": [
          "24"
        ],
        "route_count": 1
      }
    },
    {
      "type": "Feature",
      "geometry": {
        "type": "Point",
        "coordinates": [
          39.2057043,
          51.6635387
        ]
      },
      "properties": {
        "name": "Улица Карла Маркса",
        "is_terminal": false,
        "routes": [
          "1кс",
          "20",
          "21",
          "3",
          "32",
          "41",
          "44",
          "50",
          "51",
          "52",
          "59",
          "70",
          "71",
          "8",
          "83",
          "88",
          "90",
          "97"
        ],
        "route_count": 18
      }
    },
    {
      "type": "Feature",
      "geometry": {
        "type": "Point",
        "coordinates": [
          39.2034352,
          51.6672447
        ]
      },
      "properties": {
        "name": "Улица Карла Маркса",
        "is_terminal": false,
        "routes": [
          "57",
          "58",
          "с76"
        ],
        "route_count": 3
      }
    },
    {
      "type": "Feature",
      "geometry": {
        "type": "Point",
        "coordinates": [
          39.2007825,
          51.6675181
        ]
      },
      "properties": {
        "name": "Улица Карла Маркса",
        "is_terminal": false,
        "routes": [
          "57",
          "58",
          "с76"
        ],
        "route_count": 3
      }
    },
    {
      "type": "Feature",
      "geometry": {
        "type": "Point",
        "coordinates": [
          39.1885436,
          51.6983835
        ]
      },
      "properties": {
        "name": "Улица Карпинского",
        "is_terminal": false,
        "routes": [
          "38",
          "7",
          "95"
        ],
        "route_count": 3
      }
    },
    {
      "type": "Feature",
      "geometry": {
        "type": "Point",
        "coordinates": [
          39.1881198,
          51.6984433
        ]
      },
      "properties": {
        "name": "Улица Карпинского",
        "is_terminal": false,
        "routes": [
          "38"
        ],
        "route_count": 1
      }
    },
    {
      "type": "Feature",
      "geometry": {
        "type": "Point",
        "coordinates": [
          39.1903916,
          51.6828304
        ]
      },
      "properties": {
        "name": "Улица Карпинского",
        "is_terminal": false,
        "routes": [
          "66"
        ],
        "route_count": 1
      }
    },
    {
      "type": "Feature",
      "geometry": {
        "type": "Point",
        "coordinates": [
          39.1891471,
          51.6827123
        ]
      },
      "properties": {
        "name": "Улица Карпинского",
        "is_terminal": false,
        "routes": [
          "66"
        ],
        "route_count": 1
      }
    },
    {
      "type": "Feature",
      "geometry": {
        "type": "Point",
        "coordinates": [
          39.190118,
          51.6569482
        ]
      },
      "properties": {
        "name": "Улица Кирова",
        "is_terminal": false,
        "routes": [
          "1кс",
          "20",
          "21",
          "25",
          "27",
          "3",
          "33",
          "35",
          "37",
          "49",
          "5",
          "50",
          "51",
          "52",
          "70",
          "71",
          "80",
          "83",
          "86",
          "88"
        ],
        "route_count": 20
      }
    },
    {
      "type": "Feature",
      "geometry": {
        "type": "Point",
        "coordinates": [
          39.1883183,
          51.6563609
        ]
      },
      "properties": {
        "name": "Улица Кирова",
        "is_terminal": false,
        "routes": [
          "20",
          "27",
          "33",
          "52",
          "70",
          "71",
          "88"
        ],
        "route_count": 7
      }
    },
    {
      "type": "Feature",
      "geometry": {
        "type": "Point",
        "coordinates": [
          39.1210645,
          51.5711317
        ]
      },
      "properties": {
        "name": "Улица Ключникова",
        "is_terminal": false,
        "routes": [
          "21"
        ],
        "route_count": 1
      }
    },
    {
      "type": "Feature",
      "geometry": {
        "type": "Point",
        "coordinates": [
          39.121483,
          51.5719136
        ]
      },
      "properties": {
        "name": "Улица Ключникова",
        "is_terminal": false,
        "routes": [
          "21"
        ],
        "route_count": 1
      }
    },
    {
      "type": "Feature",
      "geometry": {
        "type": "Point",
        "coordinates": [
          39.191169,
          51.7295566
        ]
      },
      "properties": {
        "name": "Улица Козо-Полянского",
        "is_terminal": false,
        "routes": [
          "40",
          "50",
          "51"
        ],
        "route_count": 3
      }
    },
    {
      "type": "Feature",
      "geometry": {
        "type": "Point",
        "coordinates": [
          39.1782922,
          51.6422348
        ]
      },
      "properties": {
        "name": "Улица Колесниченко",
        "is_terminal": false,
        "routes": [
          "21",
          "24",
          "51",
          "83",
          "92",
          "с93"
        ],
        "route_count": 6
      }
    },
    {
      "type": "Feature",
      "geometry": {
        "type": "Point",
        "coordinates": [
          39.1778979,
          51.6420542
        ]
      },
      "properties": {
        "name": "Улица Колесниченко",
        "is_terminal": false,
        "routes": [
          "21",
          "23",
          "51",
          "83",
          "92",
          "с93"
        ],
        "route_count": 6
      }
    },
    {
      "type": "Feature",
      "geometry": {
        "type": "Point",
        "coordinates": [
          39.2076784,
          51.6687492
        ]
      },
      "properties": {
        "name": "Улица Комиссаржевской",
        "is_terminal": false,
        "routes": [
          "1кс",
          "20",
          "21",
          "3",
          "32",
          "41",
          "44",
          "50",
          "51",
          "52",
          "59",
          "70",
          "71",
          "8",
          "83",
          "88",
          "9",
          "90",
          "97"
        ],
        "route_count": 19
      }
    },
    {
      "type": "Feature",
      "geometry": {
        "type": "Point",
        "coordinates": [
          39.2076811,
          51.6692149
        ]
      },
      "properties": {
        "name": "Улица Комиссаржевской",
        "is_terminal": false,
        "routes": [
          "1кв",
          "20",
          "21",
          "3",
          "30",
          "32",
          "41",
          "44",
          "50",
          "51",
          "52",
          "59",
          "70",
          "71",
          "8",
          "83",
          "88",
          "9",
          "90",
          "97"
        ],
        "route_count": 20
      }
    },
    {
      "type": "Feature",
      "geometry": {
        "type": "Point",
        "coordinates": [
          39.1999483,
          51.673322
        ]
      },
      "properties": {
        "name": "Улица Комиссаржевской",
        "is_terminal": false,
        "routes": [
          "10",
          "12",
          "23",
          "24",
          "26",
          "6",
          "60",
          "63",
          "с93"
        ],
        "route_count": 9
      }
    },
    {
      "type": "Feature",
      "geometry": {
        "type": "Point",
        "coordinates": [
          39.1987333,
          51.6716869
        ]
      },
      "properties": {
        "name": "Улица Комиссаржевской",
        "is_terminal": false,
        "routes": [
          "10",
          "12",
          "23",
          "24",
          "26",
          "6",
          "60",
          "63",
          "с93"
        ],
        "route_count": 9
      }
    },
    {
      "type": "Feature",
      "geometry": {
        "type": "Point",
        "coordinates": [
          39.2060825,
          51.6711013
        ]
      },
      "properties": {
        "name": "Улица Комиссаржевской",
        "is_terminal": false,
        "routes": [
          "57",
          "58",
          "с76"
        ],
        "route_count": 3
      }
    },
    {
      "type": "Feature",
      "geometry": {
        "type": "Point",
        "coordinates": [
          39.2057231,
          51.6707886
        ]
      },
      "properties": {
        "name": "Улица Комиссаржевской",
        "is_terminal": false,
        "routes": [
          "57",
          "58",
          "с76"
        ],
        "route_count": 3
      }
    },
    {
      "type": "Feature",
      "geometry": {
        "type": "Point",
        "coordinates": [
          39.2135498,
          51.6775467
        ]
      },
      "properties": {
        "name": "Улица Коммунаров",
        "is_terminal": false,
        "routes": [
          "1кс",
          "3",
          "44",
          "50",
          "51",
          "70",
          "71",
          "88",
          "9",
          "б/н (ТЦ «ЦДМ» - Улица Димитрова)"
        ],
        "route_count": 10
      }
    },
    {
      "type": "Feature",
      "geometry": {
        "type": "Point",
        "coordinates": [
          39.2140943,
          51.6787492
        ]
      },
      "properties": {
        "name": "Улица Коммунаров",
        "is_terminal": false,
        "routes": [
          "10",
          "12",
          "1кв",
          "26",
          "3",
          "44",
          "50",
          "51",
          "70",
          "71",
          "74",
          "88",
          "9"
        ],
        "route_count": 13
      }
    },
    {
      "type": "Feature",
      "geometry": {
        "type": "Point",
        "coordinates": [
          39.2134613,
          51.6783799
        ]
      },
      "properties": {
        "name": "Улица Коммунаров",
        "is_terminal": false,
        "routes": [
          "10",
          "12",
          "26",
          "74"
        ],
        "route_count": 4
      }
    },
    {
      "type": "Feature",
      "geometry": {
        "type": "Point",
        "coordinates": [
          39.2421459,
          51.5948835
        ]
      },
      "properties": {
        "name": "Улица Корольковой",
        "is_terminal": false,
        "routes": [
          "16",
          "49"
        ],
        "route_count": 2
      }
    },
    {
      "type": "Feature",
      "geometry": {
        "type": "Point",
        "coordinates": [
          39.1206139,
          51.6538016
        ]
      },
      "properties": {
        "name": "Улица Космонавта Комарова",
        "is_terminal": false,
        "routes": [
          "10",
          "20",
          "23",
          "33",
          "36",
          "37",
          "50",
          "70",
          "77",
          "80",
          "81",
          "85",
          "87",
          "88",
          "95"
        ],
        "route_count": 15
      }
    },
    {
      "type": "Feature",
      "geometry": {
        "type": "Point",
        "coordinates": [
          39.1206032,
          51.6539464
        ]
      },
      "properties": {
        "name": "Улица Космонавта Комарова",
        "is_terminal": false,
        "routes": [
          "10",
          "20",
          "24",
          "33",
          "36",
          "37",
          "50",
          "70",
          "77",
          "80",
          "81",
          "85",
          "87",
          "88",
          "95"
        ],
        "route_count": 15
      }
    },
    {
      "type": "Feature",
      "geometry": {
        "type": "Point",
        "coordinates": [
          39.1230306,
          51.6515534
        ]
      },
      "properties": {
        "name": "Улица Космонавта Комарова",
        "is_terminal": false,
        "routes": [
          "20",
          "23",
          "37",
          "50",
          "52",
          "70",
          "85",
          "88",
          "95"
        ],
        "route_count": 9
      }
    },
    {
      "type": "Feature",
      "geometry": {
        "type": "Point",
        "coordinates": [
          39.1220516,
          51.6516709
        ]
      },
      "properties": {
        "name": "Улица Космонавта Комарова",
        "is_terminal": false,
        "routes": [
          "20",
          "24",
          "37",
          "50",
          "70",
          "85",
          "88",
          "95"
        ],
        "route_count": 8
      }
    },
    {
      "type": "Feature",
      "geometry": {
        "type": "Point",
        "coordinates": [
          39.1204235,
          51.6480086
        ]
      },
      "properties": {
        "name": "Улица Космонавта Комарова",
        "is_terminal": true,
        "routes": [
          "27",
          "52"
        ],
        "route_count": 2
      }
    },
    {
      "type": "Feature",
      "geometry": {
        "type": "Point",
        "coordinates": [
          39.1212496,
          51.647977
        ]
      },
      "properties": {
        "name": "Улица Космонавта Комарова",
        "is_terminal": false,
        "routes": [
          "27",
          "80",
          "81",
          "87"
        ],
        "route_count": 4
      }
    },
    {
      "type": "Feature",
      "geometry": {
        "type": "Point",
        "coordinates": [
          39.1209331,
          51.6482582
        ]
      },
      "properties": {
        "name": "Улица Космонавта Комарова",
        "is_terminal": false,
        "routes": [
          "27",
          "80",
          "81",
          "87"
        ],
        "route_count": 4
      }
    },
    {
      "type": "Feature",
      "geometry": {
        "type": "Point",
        "coordinates": [
          39.1208982,
          51.6512721
        ]
      },
      "properties": {
        "name": "Улица Космонавта Комарова",
        "is_terminal": false,
        "routes": [
          "52",
          "80",
          "81",
          "87"
        ],
        "route_count": 4
      }
    },
    {
      "type": "Feature",
      "geometry": {
        "type": "Point",
        "coordinates": [
          39.16262,
          51.6500739
        ]
      },
      "properties": {
        "name": "Улица Космонавтов",
        "is_terminal": false,
        "routes": [
          "12",
          "20",
          "24",
          "27",
          "37",
          "50",
          "52",
          "54",
          "55",
          "6",
          "66",
          "70",
          "72",
          "81",
          "87",
          "88"
        ],
        "route_count": 16
      }
    },
    {
      "type": "Feature",
      "geometry": {
        "type": "Point",
        "coordinates": [
          39.1617054,
          51.6494948
        ]
      },
      "properties": {
        "name": "Улица Космонавтов",
        "is_terminal": false,
        "routes": [
          "12",
          "20",
          "23",
          "27",
          "37",
          "50",
          "52",
          "54",
          "55",
          "6",
          "70",
          "72",
          "81",
          "87",
          "88"
        ],
        "route_count": 15
      }
    },
    {
      "type": "Feature",
      "geometry": {
        "type": "Point",
        "coordinates": [
          39.1627568,
          51.6514352
        ]
      },
      "properties": {
        "name": "Улица Космонавтов",
        "is_terminal": false,
        "routes": [
          "10",
          "33",
          "36",
          "66"
        ],
        "route_count": 4
      }
    },
    {
      "type": "Feature",
      "geometry": {
        "type": "Point",
        "coordinates": [
          39.1630465,
          51.6514702
        ]
      },
      "properties": {
        "name": "Улица Космонавтов",
        "is_terminal": false,
        "routes": [
          "10",
          "33",
          "36"
        ],
        "route_count": 3
      }
    },
    {
      "type": "Feature",
      "geometry": {
        "type": "Point",
        "coordinates": [
          39.2618188,
          51.6299175
        ]
      },
      "properties": {
        "name": "Улица Красный Октябрь",
        "is_terminal": false,
        "routes": [
          "86"
        ],
        "route_count": 1
      }
    },
    {
      "type": "Feature",
      "geometry": {
        "type": "Point",
        "coordinates": [
          39.261961,
          51.6299958
        ]
      },
      "properties": {
        "name": "Улица Красный Октябрь",
        "is_terminal": false,
        "routes": [
          "86"
        ],
        "route_count": 1
      }
    },
    {
      "type": "Feature",
      "geometry": {
        "type": "Point",
        "coordinates": [
          39.1645244,
          51.6728446
        ]
      },
      "properties": {
        "name": "Улица Красных Зорь",
        "is_terminal": false,
        "routes": [
          "57",
          "58",
          "60",
          "66",
          "8",
          "с76"
        ],
        "route_count": 6
      }
    },
    {
      "type": "Feature",
      "geometry": {
        "type": "Point",
        "coordinates": [
          39.1646639,
          51.67261
        ]
      },
      "properties": {
        "name": "Улица Красных Зорь",
        "is_terminal": false,
        "routes": [
          "57",
          "58",
          "60",
          "66",
          "8",
          "с76"
        ],
        "route_count": 6
      }
    },
    {
      "type": "Feature",
      "geometry": {
        "type": "Point",
        "coordinates": [
          39.1537875,
          51.6443736
        ]
      },
      "properties": {
        "name": "Улица Кривошеина",
        "is_terminal": false,
        "routes": [
          "12",
          "27",
          "37",
          "50",
          "54",
          "55",
          "6",
          "66",
          "72",
          "81",
          "87"
        ],
        "route_count": 11
      }
    },
    {
      "type": "Feature",
      "geometry": {
        "type": "Point",
        "coordinates": [
          39.154171,
          51.6443037
        ]
      },
      "properties": {
        "name": "Улица Кривошеина",
        "is_terminal": false,
        "routes": [
          "27",
          "37",
          "50",
          "55",
          "6",
          "81",
          "87"
        ],
        "route_count": 7
      }
    },
    {
      "type": "Feature",
      "geometry": {
        "type": "Point",
        "coordinates": [
          39.2671216,
          51.7391413
        ]
      },
      "properties": {
        "name": "Улица Куйбышева",
        "is_terminal": false,
        "routes": [
          "10",
          "14",
          "22",
          "43",
          "52",
          "88",
          "90"
        ],
        "route_count": 7
      }
    },
    {
      "type": "Feature",
      "geometry": {
        "type": "Point",
        "coordinates": [
          39.2679611,
          51.7394586
        ]
      },
      "properties": {
        "name": "Улица Куйбышева",
        "is_terminal": false,
        "routes": [
          "14",
          "88",
          "90"
        ],
        "route_count": 3
      }
    },
    {
      "type": "Feature",
      "geometry": {
        "type": "Point",
        "coordinates": [
          39.1124707,
          51.5610729
        ]
      },
      "properties": {
        "name": "Улица Курчатова",
        "is_terminal": false,
        "routes": [
          "23",
          "83",
          "б/н (Школа № 92 - Улица Курчатова)"
        ],
        "route_count": 3
      }
    },
    {
      "type": "Feature",
      "geometry": {
        "type": "Point",
        "coordinates": [
          39.1133827,
          51.5611313
        ]
      },
      "properties": {
        "name": "Улица Курчатова",
        "is_terminal": true,
        "routes": [
          "24",
          "83",
          "б/н (Школа № 92 - Улица Курчатова)"
        ],
        "route_count": 3
      }
    },
    {
      "type": "Feature",
      "geometry": {
        "type": "Point",
        "coordinates": [
          39.1943523,
          51.6588144
        ]
      },
      "properties": {
        "name": "Улица Куцыгина",
        "is_terminal": false,
        "routes": [
          "1кс",
          "20",
          "21",
          "25",
          "27",
          "3",
          "33",
          "35",
          "37",
          "49",
          "5",
          "50",
          "51",
          "52",
          "70",
          "71",
          "80",
          "83",
          "86",
          "88"
        ],
        "route_count": 20
      }
    },
    {
      "type": "Feature",
      "geometry": {
        "type": "Point",
        "coordinates": [
          39.1937417,
          51.6587578
        ]
      },
      "properties": {
        "name": "Улица Куцыгина",
        "is_terminal": false,
        "routes": [
          "1кв",
          "20",
          "21",
          "25",
          "27",
          "3",
          "30",
          "33",
          "35",
          "37",
          "49",
          "5",
          "50",
          "51",
          "52",
          "70",
          "71",
          "83",
          "86",
          "88"
        ],
        "route_count": 20
      }
    },
    {
      "type": "Feature",
      "geometry": {
        "type": "Point",
        "coordinates": [
          39.2313597,
          51.6269105
        ]
      },
      "properties": {
        "name": "Улица Лебедева",
        "is_terminal": false,
        "routes": [
          "14",
          "16",
          "22",
          "26",
          "49",
          "65",
          "81",
          "86",
          "87"
        ],
        "route_count": 9
      }
    },
    {
      "type": "Feature",
      "geometry": {
        "type": "Point",
        "coordinates": [
          39.2310967,
          51.6268337
        ]
      },
      "properties": {
        "name": "Улица Лебедева",
        "is_terminal": false,
        "routes": [
          "14",
          "16",
          "22",
          "26",
          "49",
          "65",
          "81",
          "86",
          "87"
        ],
        "route_count": 9
      }
    },
    {
      "type": "Feature",
      "geometry": {
        "type": "Point",
        "coordinates": [
          39.2066699,
          51.6921785
        ]
      },
      "properties": {
        "name": "Улица Леваневского",
        "is_terminal": false,
        "routes": [
          "18",
          "38",
          "44",
          "51",
          "74"
        ],
        "route_count": 5
      }
    },
    {
      "type": "Feature",
      "geometry": {
        "type": "Point",
        "coordinates": [
          39.2079091,
          51.6922986
        ]
      },
      "properties": {
        "name": "Улица Леваневского",
        "is_terminal": false,
        "routes": [
          "18",
          "38",
          "44",
          "51",
          "74"
        ],
        "route_count": 5
      }
    },
    {
      "type": "Feature",
      "geometry": {
        "type": "Point",
        "coordinates": [
          39.1974163,
          51.6886356
        ]
      },
      "properties": {
        "name": "Улица Лидии Рябцевой",
        "is_terminal": true,
        "routes": [
          "55"
        ],
        "route_count": 1
      }
    },
    {
      "type": "Feature",
      "geometry": {
        "type": "Point",
        "coordinates": [
          39.1972715,
          51.6885225
        ]
      },
      "properties": {
        "name": "Улица Лидии Рябцевой",
        "is_terminal": true,
        "routes": [
          "55"
        ],
        "route_count": 1
      }
    },
    {
      "type": "Feature",
      "geometry": {
        "type": "Point",
        "coordinates": [
          39.2290932,
          51.7044144
        ]
      },
      "properties": {
        "name": "Улица Лобачевского",
        "is_terminal": false,
        "routes": [
          "16",
          "234 (Воронеж - Солнечный)",
          "3",
          "47",
          "50",
          "71",
          "9"
        ],
        "route_count": 7
      }
    },
    {
      "type": "Feature",
      "geometry": {
        "type": "Point",
        "coordinates": [
          39.2333395,
          51.5469845
        ]
      },
      "properties": {
        "name": "Улица Лызлова",
        "is_terminal": false,
        "routes": [
          "22",
          "81"
        ],
        "route_count": 2
      }
    },
    {
      "type": "Feature",
      "geometry": {
        "type": "Point",
        "coordinates": [
          39.2330924,
          51.5468138
        ]
      },
      "properties": {
        "name": "Улица Лызлова",
        "is_terminal": false,
        "routes": [
          "22",
          "81"
        ],
        "route_count": 2
      }
    },
    {
      "type": "Feature",
      "geometry": {
        "type": "Point",
        "coordinates": [
          39.1103035,
          51.6592228
        ]
      },
      "properties": {
        "name": "Улица Любы Шевцовой",
        "is_terminal": false,
        "routes": [
          "71",
          "88"
        ],
        "route_count": 2
      }
    },
    {
      "type": "Feature",
      "geometry": {
        "type": "Point",
        "coordinates": [
          39.1106468,
          51.6593559
        ]
      },
      "properties": {
        "name": "Улица Любы Шевцовой",
        "is_terminal": false,
        "routes": [
          "71",
          "88"
        ],
        "route_count": 2
      }
    },
    {
      "type": "Feature",
      "geometry": {
        "type": "Point",
        "coordinates": [
          39.0703368,
          51.6833298
        ]
      },
      "properties": {
        "name": "Улица Мазлумова",
        "is_terminal": false,
        "routes": [
          "17",
          "60",
          "8"
        ],
        "route_count": 3
      }
    },
    {
      "type": "Feature",
      "geometry": {
        "type": "Point",
        "coordinates": [
          39.0703225,
          51.6832395
        ]
      },
      "properties": {
        "name": "Улица Мазлумова",
        "is_terminal": false,
        "routes": [
          "17",
          "60",
          "8"
        ],
        "route_count": 3
      }
    },
    {
      "type": "Feature",
      "geometry": {
        "type": "Point",
        "coordinates": [
          39.1427162,
          51.6833826
        ]
      },
      "properties": {
        "name": "Улица Малаховского",
        "is_terminal": false,
        "routes": [
          "67"
        ],
        "route_count": 1
      }
    },
    {
      "type": "Feature",
      "geometry": {
        "type": "Point",
        "coordinates": [
          39.1734722,
          51.711937
        ]
      },
      "properties": {
        "name": "Улица Маршала Жукова",
        "is_terminal": false,
        "routes": [
          "15",
          "37",
          "41",
          "57",
          "58",
          "97",
          "99"
        ],
        "route_count": 7
      }
    },
    {
      "type": "Feature",
      "geometry": {
        "type": "Point",
        "coordinates": [
          39.1739792,
          51.7124289
        ]
      },
      "properties": {
        "name": "Улица Маршала Жукова",
        "is_terminal": false,
        "routes": [
          "16",
          "18",
          "27",
          "44",
          "74"
        ],
        "route_count": 5
      }
    },
    {
      "type": "Feature",
      "geometry": {
        "type": "Point",
        "coordinates": [
          39.17252,
          51.7128311
        ]
      },
      "properties": {
        "name": "Улица Маршала Жукова",
        "is_terminal": false,
        "routes": [
          "27",
          "37",
          "41",
          "44",
          "54",
          "74",
          "82",
          "97",
          "99"
        ],
        "route_count": 9
      }
    },
    {
      "type": "Feature",
      "geometry": {
        "type": "Point",
        "coordinates": [
          39.1762725,
          51.6402107
        ]
      },
      "properties": {
        "name": "Улица Маршала Неделина",
        "is_terminal": false,
        "routes": [
          "21",
          "24",
          "51",
          "83",
          "92",
          "с93"
        ],
        "route_count": 6
      }
    },
    {
      "type": "Feature",
      "geometry": {
        "type": "Point",
        "coordinates": [
          39.175787,
          51.6399028
        ]
      },
      "properties": {
        "name": "Улица Маршала Неделина",
        "is_terminal": false,
        "routes": [
          "21",
          "23",
          "51",
          "83",
          "92",
          "с93"
        ],
        "route_count": 6
      }
    },
    {
      "type": "Feature",
      "geometry": {
        "type": "Point",
        "coordinates": [
          39.1502067,
          51.6451709
        ]
      },
      "properties": {
        "name": "Улица Матросова",
        "is_terminal": false,
        "routes": [
          "12",
          "37",
          "50",
          "54",
          "66",
          "72"
        ],
        "route_count": 6
      }
    },
    {
      "type": "Feature",
      "geometry": {
        "type": "Point",
        "coordinates": [
          39.1538089,
          51.6727748
        ]
      },
      "properties": {
        "name": "Улица Машиностроителей",
        "is_terminal": false,
        "routes": [
          "17",
          "54",
          "57",
          "58",
          "60",
          "61",
          "67",
          "8",
          "с76"
        ],
        "route_count": 9
      }
    },
    {
      "type": "Feature",
      "geometry": {
        "type": "Point",
        "coordinates": [
          39.1553003,
          51.6720808
        ]
      },
      "properties": {
        "name": "Улица Машиностроителей",
        "is_terminal": false,
        "routes": [
          "54",
          "58",
          "60",
          "61",
          "8",
          "с76"
        ],
        "route_count": 6
      }
    },
    {
      "type": "Feature",
      "geometry": {
        "type": "Point",
        "coordinates": [
          39.1539699,
          51.6717002
        ]
      },
      "properties": {
        "name": "Улица Машиностроителей",
        "is_terminal": false,
        "routes": [
          "17",
          "66"
        ],
        "route_count": 2
      }
    },
    {
      "type": "Feature",
      "geometry": {
        "type": "Point",
        "coordinates": [
          39.1542864,
          51.6719081
        ]
      },
      "properties": {
        "name": "Улица Машиностроителей",
        "is_terminal": false,
        "routes": [
          "66"
        ],
        "route_count": 1
      }
    },
    {
      "type": "Feature",
      "geometry": {
        "type": "Point",
        "coordinates": [
          39.2398515,
          51.6223347
        ]
      },
      "properties": {
        "name": "Улица Менделеева",
        "is_terminal": false,
        "routes": [
          "26",
          "65",
          "81",
          "87",
          "Служебный (ВОГРЭС - ЛОС)"
        ],
        "route_count": 5
      }
    },
    {
      "type": "Feature",
      "geometry": {
        "type": "Point",
        "coordinates": [
          39.2394103,
          51.6222439
        ]
      },
      "properties": {
        "name": "Улица Менделеева",
        "is_terminal": false,
        "routes": [
          "26",
          "65",
          "81",
          "87",
          "Служебный (ВОГРЭС - ЛОС)"
        ],
        "route_count": 5
      }
    },
    {
      "type": "Feature",
      "geometry": {
        "type": "Point",
        "coordinates": [
          39.1493404,
          51.719445
        ]
      },
      "properties": {
        "name": "Улица Миронова",
        "is_terminal": false,
        "routes": [
          "18",
          "44"
        ],
        "route_count": 2
      }
    },
    {
      "type": "Feature",
      "geometry": {
        "type": "Point",
        "coordinates": [
          39.151293,
          51.720442
        ]
      },
      "properties": {
        "name": "Улица Миронова",
        "is_terminal": false,
        "routes": [
          "18",
          "44",
          "82"
        ],
        "route_count": 3
      }
    },
    {
      "type": "Feature",
      "geometry": {
        "type": "Point",
        "coordinates": [
          39.1292077,
          51.6544206
        ]
      },
      "properties": {
        "name": "Улица Молодогвардейцев",
        "is_terminal": false,
        "routes": [
          "10",
          "33",
          "36",
          "77"
        ],
        "route_count": 4
      }
    },
    {
      "type": "Feature",
      "geometry": {
        "type": "Point",
        "coordinates": [
          39.1274562,
          51.6544439
        ]
      },
      "properties": {
        "name": "Улица Молодогвардейцев",
        "is_terminal": false,
        "routes": [
          "10",
          "33",
          "36",
          "77"
        ],
        "route_count": 4
      }
    },
    {
      "type": "Feature",
      "geometry": {
        "type": "Point",
        "coordinates": [
          39.128902,
          51.6515883
        ]
      },
      "properties": {
        "name": "Улица Молодогвардейцев",
        "is_terminal": false,
        "routes": [
          "20",
          "23",
          "37",
          "50",
          "52",
          "70",
          "85",
          "88",
          "95"
        ],
        "route_count": 9
      }
    },
    {
      "type": "Feature",
      "geometry": {
        "type": "Point",
        "coordinates": [
          39.1271612,
          51.6516699
        ]
      },
      "properties": {
        "name": "Улица Молодогвардейцев",
        "is_terminal": false,
        "routes": [
          "20",
          "24",
          "37",
          "50",
          "52",
          "70",
          "85",
          "88",
          "95"
        ],
        "route_count": 9
      }
    },
    {
      "type": "Feature",
      "geometry": {
        "type": "Point",
        "coordinates": [
          39.2204511,
          51.7236488
        ]
      },
      "properties": {
        "name": "Улица Морозова",
        "is_terminal": false,
        "routes": [
          "16",
          "3",
          "47",
          "50",
          "71",
          "9"
        ],
        "route_count": 6
      }
    },
    {
      "type": "Feature",
      "geometry": {
        "type": "Point",
        "coordinates": [
          39.2179084,
          51.7217446
        ]
      },
      "properties": {
        "name": "Улица Морозова",
        "is_terminal": false,
        "routes": [
          "16",
          "234 (Воронеж - Солнечный)",
          "3",
          "47",
          "50",
          "71",
          "9"
        ],
        "route_count": 7
      }
    },
    {
      "type": "Feature",
      "geometry": {
        "type": "Point",
        "coordinates": [
          39.1983041,
          51.6461279
        ]
      },
      "properties": {
        "name": "Улица Некрасова",
        "is_terminal": false,
        "routes": [
          "1кс",
          "25",
          "26",
          "35",
          "36",
          "49",
          "72",
          "81",
          "86",
          "87"
        ],
        "route_count": 10
      }
    },
    {
      "type": "Feature",
      "geometry": {
        "type": "Point",
        "coordinates": [
          39.1970891,
          51.6467354
        ]
      },
      "properties": {
        "name": "Улица Некрасова",
        "is_terminal": false,
        "routes": [
          "1кв",
          "25",
          "26",
          "30",
          "35",
          "36",
          "49",
          "72",
          "81",
          "86",
          "87"
        ],
        "route_count": 11
      }
    },
    {
      "type": "Feature",
      "geometry": {
        "type": "Point",
        "coordinates": [
          39.2824772,
          51.6769546
        ]
      },
      "properties": {
        "name": "Улица Новожилова",
        "is_terminal": false,
        "routes": [
          "32"
        ],
        "route_count": 1
      }
    },
    {
      "type": "Feature",
      "geometry": {
        "type": "Point",
        "coordinates": [
          39.2820883,
          51.6759916
        ]
      },
      "properties": {
        "name": "Улица Новожилова",
        "is_terminal": false,
        "routes": [
          "32"
        ],
        "route_count": 1
      }
    },
    {
      "type": "Feature",
      "geometry": {
        "type": "Point",
        "coordinates": [
          39.2170072,
          51.6754926
        ]
      },
      "properties": {
        "name": "Улица Освобождение Труда",
        "is_terminal": false,
        "routes": [
          "57",
          "58"
        ],
        "route_count": 2
      }
    },
    {
      "type": "Feature",
      "geometry": {
        "type": "Point",
        "coordinates": [
          39.2167993,
          51.6753305
        ]
      },
      "properties": {
        "name": "Улица Освобождение Труда",
        "is_terminal": false,
        "routes": [
          "57",
          "58"
        ],
        "route_count": 2
      }
    },
    {
      "type": "Feature",
      "geometry": {
        "type": "Point",
        "coordinates": [
          39.2616606,
          51.6860498
        ]
      },
      "properties": {
        "name": "Улица Остужева",
        "is_terminal": false,
        "routes": [
          "10",
          "12",
          "16",
          "18",
          "1кс",
          "234 (Воронеж - Солнечный)",
          "26",
          "38",
          "47",
          "66",
          "88",
          "б/н (ТЦ «ЦДМ» - Улица Димитрова)"
        ],
        "route_count": 12
      }
    },
    {
      "type": "Feature",
      "geometry": {
        "type": "Point",
        "coordinates": [
          39.2626905,
          51.6838581
        ]
      },
      "properties": {
        "name": "Улица Остужева",
        "is_terminal": true,
        "routes": [
          "14",
          "16",
          "18",
          "1кс",
          "21",
          "22",
          "234 (Воронеж - Солнечный)",
          "32",
          "38",
          "43",
          "52",
          "59",
          "60",
          "72",
          "90",
          "б/н (Остужевский рынок - Улица Остужева)",
          "б/н (ТЦ «ЦДМ» - Улица Димитрова)",
          "с53"
        ],
        "route_count": 18
      }
    },
    {
      "type": "Feature",
      "geometry": {
        "type": "Point",
        "coordinates": [
          39.263058,
          51.683898
        ]
      },
      "properties": {
        "name": "Улица Остужева",
        "is_terminal": true,
        "routes": [
          "14",
          "16",
          "18",
          "1кв",
          "21",
          "22",
          "32",
          "38",
          "43",
          "52",
          "59",
          "60",
          "72",
          "90",
          "б/н (Остужевский рынок - Улица Остужева)",
          "с53"
        ],
        "route_count": 16
      }
    },
    {
      "type": "Feature",
      "geometry": {
        "type": "Point",
        "coordinates": [
          39.2626315,
          51.6864955
        ]
      },
      "properties": {
        "name": "Улица Остужева",
        "is_terminal": false,
        "routes": [
          "10",
          "12",
          "16",
          "18",
          "1кв",
          "26",
          "38",
          "47",
          "88"
        ],
        "route_count": 9
      }
    },
    {
      "type": "Feature",
      "geometry": {
        "type": "Point",
        "coordinates": [
          39.2638921,
          51.6946914
        ]
      },
      "properties": {
        "name": "Улица Перевёрткина",
        "is_terminal": false,
        "routes": [
          "66"
        ],
        "route_count": 1
      }
    },
    {
      "type": "Feature",
      "geometry": {
        "type": "Point",
        "coordinates": [
          39.1888174,
          51.7218671
        ]
      },
      "properties": {
        "name": "Улица Пескова",
        "is_terminal": false,
        "routes": [
          "40",
          "50"
        ],
        "route_count": 2
      }
    },
    {
      "type": "Feature",
      "geometry": {
        "type": "Point",
        "coordinates": [
          39.1890713,
          51.722105
        ]
      },
      "properties": {
        "name": "Улица Пескова",
        "is_terminal": false,
        "routes": [
          "234 (Воронеж - Солнечный)"
        ],
        "route_count": 1
      }
    },
    {
      "type": "Feature",
      "geometry": {
        "type": "Point",
        "coordinates": [
          39.1568774,
          51.6573176
        ]
      },
      "properties": {
        "name": "Улица Пирогова",
        "is_terminal": false,
        "routes": [
          "10",
          "33",
          "36",
          "66"
        ],
        "route_count": 4
      }
    },
    {
      "type": "Feature",
      "geometry": {
        "type": "Point",
        "coordinates": [
          39.1565824,
          51.6578368
        ]
      },
      "properties": {
        "name": "Улица Пирогова",
        "is_terminal": false,
        "routes": [
          "10",
          "17",
          "33",
          "36",
          "66"
        ],
        "route_count": 5
      }
    },
    {
      "type": "Feature",
      "geometry": {
        "type": "Point",
        "coordinates": [
          39.1558743,
          51.6573384
        ]
      },
      "properties": {
        "name": "Улица Пирогова",
        "is_terminal": false,
        "routes": [
          "17",
          "71",
          "95"
        ],
        "route_count": 3
      }
    },
    {
      "type": "Feature",
      "geometry": {
        "type": "Point",
        "coordinates": [
          39.1769618,
          51.6652564
        ]
      },
      "properties": {
        "name": "Улица Пирогова",
        "is_terminal": false,
        "routes": [
          "54",
          "61",
          "95"
        ],
        "route_count": 3
      }
    },
    {
      "type": "Feature",
      "geometry": {
        "type": "Point",
        "coordinates": [
          39.137013,
          51.6511623
        ]
      },
      "properties": {
        "name": "Улица Писателя Маршака",
        "is_terminal": false,
        "routes": [
          "12",
          "17",
          "37",
          "50",
          "54",
          "66",
          "72",
          "85"
        ],
        "route_count": 8
      }
    },
    {
      "type": "Feature",
      "geometry": {
        "type": "Point",
        "coordinates": [
          39.1431324,
          51.651575
        ]
      },
      "properties": {
        "name": "Улица Писателя Маршака",
        "is_terminal": false,
        "routes": [
          "12",
          "17",
          "20",
          "23",
          "52",
          "54",
          "66",
          "70",
          "71",
          "72",
          "88",
          "95"
        ],
        "route_count": 12
      }
    },
    {
      "type": "Feature",
      "geometry": {
        "type": "Point",
        "coordinates": [
          39.1424283,
          51.6516283
        ]
      },
      "properties": {
        "name": "Улица Писателя Маршака",
        "is_terminal": false,
        "routes": [
          "17",
          "20",
          "24",
          "52",
          "70",
          "71",
          "88",
          "95"
        ],
        "route_count": 8
      }
    },
    {
      "type": "Feature",
      "geometry": {
        "type": "Point",
        "coordinates": [
          39.2012626,
          51.6581246
        ]
      },
      "properties": {
        "name": "Улица Платонова",
        "is_terminal": false,
        "routes": [
          "21",
          "27",
          "33",
          "44",
          "49",
          "5",
          "7",
          "80",
          "99"
        ],
        "route_count": 9
      }
    },
    {
      "type": "Feature",
      "geometry": {
        "type": "Point",
        "coordinates": [
          39.2377272,
          51.6438161
        ]
      },
      "properties": {
        "name": "Улица Полины Осипенко",
        "is_terminal": false,
        "routes": [
          "13",
          "14",
          "16",
          "1кс",
          "20",
          "22",
          "234 (Воронеж - Солнечный)",
          "36",
          "65",
          "72",
          "97"
        ],
        "route_count": 11
      }
    },
    {
      "type": "Feature",
      "geometry": {
        "type": "Point",
        "coordinates": [
          39.2376977,
          51.643092
        ]
      },
      "properties": {
        "name": "Улица Полины Осипенко",
        "is_terminal": false,
        "routes": [
          "13",
          "14",
          "16",
          "1кв",
          "20",
          "22",
          "36",
          "65",
          "72",
          "97"
        ],
        "route_count": 10
      }
    },
    {
      "type": "Feature",
      "geometry": {
        "type": "Point",
        "coordinates": [
          39.2898908,
          51.6773754
        ]
      },
      "properties": {
        "name": "Улица Постовалова",
        "is_terminal": false,
        "routes": [
          "32"
        ],
        "route_count": 1
      }
    },
    {
      "type": "Feature",
      "geometry": {
        "type": "Point",
        "coordinates": [
          39.2893383,
          51.6775051
        ]
      },
      "properties": {
        "name": "Улица Постовалова",
        "is_terminal": false,
        "routes": [
          "32"
        ],
        "route_count": 1
      }
    },
    {
      "type": "Feature",
      "geometry": {
        "type": "Point",
        "coordinates": [
          39.2374188,
          51.6164994
        ]
      },
      "properties": {
        "name": "Улица Путилина",
        "is_terminal": false,
        "routes": [
          "14",
          "16",
          "22",
          "49",
          "86"
        ],
        "route_count": 5
      }
    },
    {
      "type": "Feature",
      "geometry": {
        "type": "Point",
        "coordinates": [
          39.2371184,
          51.6163711
        ]
      },
      "properties": {
        "name": "Улица Путилина",
        "is_terminal": false,
        "routes": [
          "14",
          "16",
          "22",
          "49",
          "86"
        ],
        "route_count": 5
      }
    },
    {
      "type": "Feature",
      "geometry": {
        "type": "Point",
        "coordinates": [
          39.275879,
          51.7046089
        ]
      },
      "properties": {
        "name": "Улица Рокоссовского",
        "is_terminal": false,
        "routes": [
          "10",
          "14",
          "22",
          "43",
          "52",
          "60",
          "88",
          "90"
        ],
        "route_count": 8
      }
    },
    {
      "type": "Feature",
      "geometry": {
        "type": "Point",
        "coordinates": [
          39.2753533,
          51.7039224
        ]
      },
      "properties": {
        "name": "Улица Рокоссовского",
        "is_terminal": false,
        "routes": [
          "10",
          "14",
          "22",
          "43",
          "52",
          "60",
          "88",
          "90"
        ],
        "route_count": 8
      }
    },
    {
      "type": "Feature",
      "geometry": {
        "type": "Point",
        "coordinates": [
          39.237451,
          51.6102552
        ]
      },
      "properties": {
        "name": "Улица Саврасова",
        "is_terminal": false,
        "routes": [
          "14",
          "16",
          "22",
          "49",
          "86",
          "Служебный (ВОГРЭС - ЛОС)"
        ],
        "route_count": 6
      }
    },
    {
      "type": "Feature",
      "geometry": {
        "type": "Point",
        "coordinates": [
          39.2371291,
          51.6095156
        ]
      },
      "properties": {
        "name": "Улица Саврасова",
        "is_terminal": false,
        "routes": [
          "14",
          "16",
          "22",
          "49",
          "65",
          "86",
          "Служебный (ВОГРЭС - ЛОС)"
        ],
        "route_count": 7
      }
    },
    {
      "type": "Feature",
      "geometry": {
        "type": "Point",
        "coordinates": [
          39.2171989,
          51.6103866
        ]
      },
      "properties": {
        "name": "Улица Саврасова",
        "is_terminal": true,
        "routes": [
          "65"
        ],
        "route_count": 1
      }
    },
    {
      "type": "Feature",
      "geometry": {
        "type": "Point",
        "coordinates": [
          39.2360669,
          51.6102469
        ]
      },
      "properties": {
        "name": "Улица Саврасова",
        "is_terminal": false,
        "routes": [
          "Служебный (ВОГРЭС - ЛОС)"
        ],
        "route_count": 1
      }
    },
    {
      "type": "Feature",
      "geometry": {
        "type": "Point",
        "coordinates": [
          39.094449,
          51.6433883
        ]
      },
      "properties": {
        "name": "Улица Садовое Кольцо",
        "is_terminal": false,
        "routes": [
          "24",
          "6"
        ],
        "route_count": 2
      }
    },
    {
      "type": "Feature",
      "geometry": {
        "type": "Point",
        "coordinates": [
          39.0951598,
          51.6437528
        ]
      },
      "properties": {
        "name": "Улица Садовое Кольцо",
        "is_terminal": false,
        "routes": [
          "23",
          "6"
        ],
        "route_count": 2
      }
    },
    {
      "type": "Feature",
      "geometry": {
        "type": "Point",
        "coordinates": [
          39.2572564,
          51.6765471
        ]
      },
      "properties": {
        "name": "Улица Серафимовича",
        "is_terminal": false,
        "routes": [
          "14",
          "16",
          "18",
          "1кс",
          "21",
          "22",
          "234 (Воронеж - Солнечный)",
          "32",
          "38",
          "43",
          "52",
          "59",
          "60",
          "72",
          "90",
          "б/н (ТЦ «ЦДМ» - Улица Димитрова)",
          "с53"
        ],
        "route_count": 17
      }
    },
    {
      "type": "Feature",
      "geometry": {
        "type": "Point",
        "coordinates": [
          39.2576953,
          51.6765199
        ]
      },
      "properties": {
        "name": "Улица Серафимовича",
        "is_terminal": false,
        "routes": [
          "14",
          "16",
          "18",
          "1кв",
          "21",
          "22",
          "32",
          "38",
          "43",
          "52",
          "59",
          "60",
          "72",
          "90",
          "с53"
        ],
        "route_count": 15
      }
    },
    {
      "type": "Feature",
      "geometry": {
        "type": "Point",
        "coordinates": [
          39.2494243,
          51.6666213
        ]
      },
      "properties": {
        "name": "Улица Серова",
        "is_terminal": false,
        "routes": [
          "13",
          "14",
          "16",
          "1кс",
          "21",
          "22",
          "32",
          "36",
          "41",
          "52",
          "59",
          "6",
          "60",
          "63",
          "65",
          "72",
          "8",
          "90"
        ],
        "route_count": 18
      }
    },
    {
      "type": "Feature",
      "geometry": {
        "type": "Point",
        "coordinates": [
          39.2500573,
          51.6670016
        ]
      },
      "properties": {
        "name": "Улица Серова",
        "is_terminal": false,
        "routes": [
          "13",
          "14",
          "16",
          "1кв",
          "21",
          "22",
          "32",
          "36",
          "41",
          "52",
          "59",
          "6",
          "60",
          "63",
          "65",
          "72",
          "8",
          "90"
        ],
        "route_count": 18
      }
    },
    {
      "type": "Feature",
      "geometry": {
        "type": "Point",
        "coordinates": [
          39.1874546,
          51.6388957
        ]
      },
      "properties": {
        "name": "Улица Степана Панкова",
        "is_terminal": false,
        "routes": [
          "3",
          "5",
          "80"
        ],
        "route_count": 3
      }
    },
    {
      "type": "Feature",
      "geometry": {
        "type": "Point",
        "coordinates": [
          39.1876316,
          51.6380001
        ]
      },
      "properties": {
        "name": "Улица Степана Панкова",
        "is_terminal": false,
        "routes": [
          "3",
          "5",
          "80"
        ],
        "route_count": 3
      }
    },
    {
      "type": "Feature",
      "geometry": {
        "type": "Point",
        "coordinates": [
          39.2767949,
          51.7074894
        ]
      },
      "properties": {
        "name": "Улица Суворова",
        "is_terminal": false,
        "routes": [
          "10",
          "14",
          "22",
          "43",
          "52",
          "60",
          "88",
          "90"
        ],
        "route_count": 8
      }
    },
    {
      "type": "Feature",
      "geometry": {
        "type": "Point",
        "coordinates": [
          39.2763634,
          51.7070778
        ]
      },
      "properties": {
        "name": "Улица Суворова",
        "is_terminal": false,
        "routes": [
          "10",
          "14",
          "22",
          "43",
          "52",
          "60",
          "88",
          "90"
        ],
        "route_count": 8
      }
    },
    {
      "type": "Feature",
      "geometry": {
        "type": "Point",
        "coordinates": [
          39.2374939,
          51.6129635
        ]
      },
      "properties": {
        "name": "Улица Танеева",
        "is_terminal": false,
        "routes": [
          "14",
          "16",
          "22",
          "49",
          "86",
          "Служебный (ВОГРЭС - ЛОС)"
        ],
        "route_count": 6
      }
    },
    {
      "type": "Feature",
      "geometry": {
        "type": "Point",
        "coordinates": [
          39.2371827,
          51.6124072
        ]
      },
      "properties": {
        "name": "Улица Танеева",
        "is_terminal": false,
        "routes": [
          "14",
          "16",
          "22",
          "49",
          "86"
        ],
        "route_count": 5
      }
    },
    {
      "type": "Feature",
      "geometry": {
        "type": "Point",
        "coordinates": [
          39.1737955,
          51.6785539
        ]
      },
      "properties": {
        "name": "Улица Текстильщиков",
        "is_terminal": false,
        "routes": [
          "57",
          "58",
          "60",
          "66",
          "8",
          "с76"
        ],
        "route_count": 6
      }
    },
    {
      "type": "Feature",
      "geometry": {
        "type": "Point",
        "coordinates": [
          39.1747785,
          51.6788282
        ]
      },
      "properties": {
        "name": "Улица Текстильщиков",
        "is_terminal": false,
        "routes": [
          "57",
          "58",
          "60",
          "66",
          "8",
          "с76"
        ],
        "route_count": 6
      }
    },
    {
      "type": "Feature",
      "geometry": {
        "type": "Point",
        "coordinates": [
          39.3170643,
          51.6928472
        ]
      },
      "properties": {
        "name": "Улица Тиханкина",
        "is_terminal": false,
        "routes": [
          "59"
        ],
        "route_count": 1
      }
    },
    {
      "type": "Feature",
      "geometry": {
        "type": "Point",
        "coordinates": [
          39.3173325,
          51.6928356
        ]
      },
      "properties": {
        "name": "Улица Тиханкина",
        "is_terminal": false,
        "routes": [
          "59"
        ],
        "route_count": 1
      }
    },
    {
      "type": "Feature",
      "geometry": {
        "type": "Point",
        "coordinates": [
          39.1482487,
          51.6743
        ]
      },
      "properties": {
        "name": "Улица Торпедо",
        "is_terminal": false,
        "routes": [
          "17",
          "54",
          "57",
          "58",
          "60",
          "61",
          "67",
          "8",
          "с76"
        ],
        "route_count": 9
      }
    },
    {
      "type": "Feature",
      "geometry": {
        "type": "Point",
        "coordinates": [
          39.1499037,
          51.6736064
        ]
      },
      "properties": {
        "name": "Улица Торпедо",
        "is_terminal": false,
        "routes": [
          "17",
          "54",
          "57",
          "58",
          "60",
          "61",
          "8",
          "с76"
        ],
        "route_count": 8
      }
    },
    {
      "type": "Feature",
      "geometry": {
        "type": "Point",
        "coordinates": [
          39.2679423,
          51.633112
        ]
      },
      "properties": {
        "name": "Улица Туполева",
        "is_terminal": false,
        "routes": [
          "36",
          "41",
          "43",
          "6",
          "65",
          "8",
          "86"
        ],
        "route_count": 7
      }
    },
    {
      "type": "Feature",
      "geometry": {
        "type": "Point",
        "coordinates": [
          39.2682781,
          51.6328775
        ]
      },
      "properties": {
        "name": "Улица Туполева",
        "is_terminal": false,
        "routes": [
          "36",
          "41",
          "43",
          "6",
          "65",
          "8",
          "86"
        ],
        "route_count": 7
      }
    },
    {
      "type": "Feature",
      "geometry": {
        "type": "Point",
        "coordinates": [
          39.2061909,
          51.6825925
        ]
      },
      "properties": {
        "name": "Улица Урицкого",
        "is_terminal": false,
        "routes": [
          "66"
        ],
        "route_count": 1
      }
    },
    {
      "type": "Feature",
      "geometry": {
        "type": "Point",
        "coordinates": [
          39.2063051,
          51.6826707
        ]
      },
      "properties": {
        "name": "Улица Урицкого",
        "is_terminal": false,
        "routes": [
          "66"
        ],
        "route_count": 1
      }
    },
    {
      "type": "Feature",
      "geometry": {
        "type": "Point",
        "coordinates": [
          39.214687,
          51.6830698
        ]
      },
      "properties": {
        "name": "Улица Урицкого, МФК «Вита»",
        "is_terminal": false,
        "routes": [
          "18",
          "38",
          "44",
          "51",
          "66",
          "74",
          "б/н (ТЦ «ЦДМ» - Улица Димитрова)"
        ],
        "route_count": 7
      }
    },
    {
      "type": "Feature",
      "geometry": {
        "type": "Point",
        "coordinates": [
          39.2909583,
          51.6737645
        ]
      },
      "properties": {
        "name": "Улица Урывского",
        "is_terminal": false,
        "routes": [
          "32"
        ],
        "route_count": 1
      }
    },
    {
      "type": "Feature",
      "geometry": {
        "type": "Point",
        "coordinates": [
          39.2914867,
          51.6747029
        ]
      },
      "properties": {
        "name": "Улица Урывского",
        "is_terminal": false,
        "routes": [
          "32"
        ],
        "route_count": 1
      }
    },
    {
      "type": "Feature",
      "geometry": {
        "type": "Point",
        "coordinates": [
          39.3395975,
          51.745504
        ]
      },
      "properties": {
        "name": "Улица Федоровского",
        "is_terminal": false,
        "routes": [
          "60",
          "90"
        ],
        "route_count": 2
      }
    },
    {
      "type": "Feature",
      "geometry": {
        "type": "Point",
        "coordinates": [
          39.3391979,
          51.7455421
        ]
      },
      "properties": {
        "name": "Улица Федоровского",
        "is_terminal": false,
        "routes": [
          "90"
        ],
        "route_count": 1
      }
    },
    {
      "type": "Feature",
      "geometry": {
        "type": "Point",
        "coordinates": [
          39.1977972,
          51.6637567
        ]
      },
      "properties": {
        "name": "Улица Фридриха Энгельса",
        "is_terminal": false,
        "routes": [
          "25",
          "27",
          "35",
          "37",
          "41",
          "45",
          "49",
          "5",
          "69",
          "7",
          "8",
          "80",
          "9",
          "90",
          "94",
          "97",
          "99"
        ],
        "route_count": 17
      }
    },
    {
      "type": "Feature",
      "geometry": {
        "type": "Point",
        "coordinates": [
          39.1977757,
          51.664329
        ]
      },
      "properties": {
        "name": "Улица Фридриха Энгельса",
        "is_terminal": false,
        "routes": [
          "45",
          "57",
          "58",
          "с76"
        ],
        "route_count": 4
      }
    },
    {
      "type": "Feature",
      "geometry": {
        "type": "Point",
        "coordinates": [
          39.1765487,
          51.7025211
        ]
      },
      "properties": {
        "name": "Улица Хользунова",
        "is_terminal": false,
        "routes": [
          "25",
          "35",
          "37",
          "38",
          "40",
          "41",
          "47",
          "5",
          "77",
          "90",
          "97",
          "99"
        ],
        "route_count": 12
      }
    },
    {
      "type": "Feature",
      "geometry": {
        "type": "Point",
        "coordinates": [
          39.1767472,
          51.7023781
        ]
      },
      "properties": {
        "name": "Улица Хользунова",
        "is_terminal": false,
        "routes": [
          "25",
          "35",
          "37",
          "38",
          "40",
          "41",
          "47",
          "5",
          "63",
          "77",
          "90",
          "97",
          "99"
        ],
        "route_count": 13
      }
    },
    {
      "type": "Feature",
      "geometry": {
        "type": "Point",
        "coordinates": [
          39.2643549,
          51.6338013
        ]
      },
      "properties": {
        "name": "Улица Циолковского",
        "is_terminal": false,
        "routes": [
          "36",
          "41",
          "43",
          "6",
          "65",
          "8",
          "86"
        ],
        "route_count": 7
      }
    },
    {
      "type": "Feature",
      "geometry": {
        "type": "Point",
        "coordinates": [
          39.2645788,
          51.6336285
        ]
      },
      "properties": {
        "name": "Улица Циолковского",
        "is_terminal": false,
        "routes": [
          "36",
          "41",
          "43",
          "6",
          "65",
          "8",
          "86"
        ],
        "route_count": 7
      }
    },
    {
      "type": "Feature",
      "geometry": {
        "type": "Point",
        "coordinates": [
          39.1933393,
          51.6291366
        ]
      },
      "properties": {
        "name": "Улица Чапаева",
        "is_terminal": true,
        "routes": [
          "3"
        ],
        "route_count": 1
      }
    },
    {
      "type": "Feature",
      "geometry": {
        "type": "Point",
        "coordinates": [
          39.1843553,
          51.6466954
        ]
      },
      "properties": {
        "name": "Улица Чапаева",
        "is_terminal": false,
        "routes": [
          "21",
          "24",
          "3",
          "5",
          "51",
          "80",
          "83",
          "92",
          "с93"
        ],
        "route_count": 9
      }
    },
    {
      "type": "Feature",
      "geometry": {
        "type": "Point",
        "coordinates": [
          39.1843593,
          51.6458899
        ]
      },
      "properties": {
        "name": "Улица Чапаева",
        "is_terminal": false,
        "routes": [
          "3",
          "5",
          "80"
        ],
        "route_count": 3
      }
    },
    {
      "type": "Feature",
      "geometry": {
        "type": "Point",
        "coordinates": [
          39.1931972,
          51.6290567
        ]
      },
      "properties": {
        "name": "Улица Чапаева",
        "is_terminal": true,
        "routes": [
          "3"
        ],
        "route_count": 1
      }
    },
    {
      "type": "Feature",
      "geometry": {
        "type": "Point",
        "coordinates": [
          39.1831791,
          51.6461495
        ]
      },
      "properties": {
        "name": "Улица Чапаева",
        "is_terminal": false,
        "routes": [
          "21",
          "23",
          "51",
          "83",
          "92",
          "с93"
        ],
        "route_count": 6
      }
    },
    {
      "type": "Feature",
      "geometry": {
        "type": "Point",
        "coordinates": [
          39.110344,
          51.6541756
        ]
      },
      "properties": {
        "name": "Улица Шендрикова",
        "is_terminal": false,
        "routes": [
          "10",
          "20",
          "23",
          "33",
          "36",
          "37",
          "50",
          "70",
          "77",
          "80",
          "81",
          "85",
          "87",
          "88",
          "95"
        ],
        "route_count": 15
      }
    },
    {
      "type": "Feature",
      "geometry": {
        "type": "Point",
        "coordinates": [
          39.1094962,
          51.6544223
        ]
      },
      "properties": {
        "name": "Улица Шендрикова",
        "is_terminal": false,
        "routes": [
          "10",
          "20",
          "24",
          "33",
          "36",
          "37",
          "50",
          "70",
          "77",
          "80",
          "81",
          "85",
          "87",
          "95"
        ],
        "route_count": 14
      }
    },
    {
      "type": "Feature",
      "geometry": {
        "type": "Point",
        "coordinates": [
          39.2943744,
          51.633348
        ]
      },
      "properties": {
        "name": "Улица Шидловского",
        "is_terminal": true,
        "routes": [
          "36",
          "41",
          "43",
          "6",
          "65",
          "86",
          "б/н (Школа № 91 - микрорайон Озерки)"
        ],
        "route_count": 7
      }
    },
    {
      "type": "Feature",
      "geometry": {
        "type": "Point",
        "coordinates": [
          39.294748,
          51.6332447
        ]
      },
      "properties": {
        "name": "Улица Шидловского",
        "is_terminal": true,
        "routes": [
          "36",
          "41",
          "43",
          "6",
          "65",
          "86",
          "б/н (Школа № 91 - микрорайон Озерки)"
        ],
        "route_count": 7
      }
    },
    {
      "type": "Feature",
      "geometry": {
        "type": "Point",
        "coordinates": [
          39.1950908,
          51.6986877
        ]
      },
      "properties": {
        "name": "Улица Шишкова",
        "is_terminal": false,
        "routes": [
          "38",
          "7",
          "95"
        ],
        "route_count": 3
      }
    },
    {
      "type": "Feature",
      "geometry": {
        "type": "Point",
        "coordinates": [
          39.1957158,
          51.6987974
        ]
      },
      "properties": {
        "name": "Улица Шишкова",
        "is_terminal": false,
        "routes": [
          "38"
        ],
        "route_count": 1
      }
    },
    {
      "type": "Feature",
      "geometry": {
        "type": "Point",
        "coordinates": [
          39.2372042,
          51.6046732
        ]
      },
      "properties": {
        "name": "Улица Шубина",
        "is_terminal": false,
        "routes": [
          "14",
          "16",
          "22",
          "49",
          "65",
          "86"
        ],
        "route_count": 6
      }
    },
    {
      "type": "Feature",
      "geometry": {
        "type": "Point",
        "coordinates": [
          39.2369199,
          51.6046715
        ]
      },
      "properties": {
        "name": "Улица Шубина",
        "is_terminal": false,
        "routes": [
          "14",
          "16",
          "22",
          "49",
          "65",
          "86"
        ],
        "route_count": 6
      }
    },
    {
      "type": "Feature",
      "geometry": {
        "type": "Point",
        "coordinates": [
          39.1546377,
          51.723049
        ]
      },
      "properties": {
        "name": "Улица Шукшина",
        "is_terminal": false,
        "routes": [
          "18",
          "44"
        ],
        "route_count": 2
      }
    },
    {
      "type": "Feature",
      "geometry": {
        "type": "Point",
        "coordinates": [
          39.1564106,
          51.7237725
        ]
      },
      "properties": {
        "name": "Улица Шукшина",
        "is_terminal": false,
        "routes": [
          "18",
          "44",
          "82"
        ],
        "route_count": 3
      }
    },
    {
      "type": "Feature",
      "geometry": {
        "type": "Point",
        "coordinates": [
          39.1915798,
          51.6518812
        ]
      },
      "properties": {
        "name": "Университет правосудия",
        "is_terminal": false,
        "routes": [
          "1кв",
          "25",
          "26",
          "30",
          "35",
          "36",
          "49",
          "72",
          "81",
          "86",
          "87"
        ],
        "route_count": 11
      }
    },
    {
      "type": "Feature",
      "geometry": {
        "type": "Point",
        "coordinates": [
          39.1272229,
          51.6664601
        ]
      },
      "properties": {
        "name": "Управление ГИБДД",
        "is_terminal": false,
        "routes": [
          "15",
          "с76"
        ],
        "route_count": 2
      }
    },
    {
      "type": "Feature",
      "geometry": {
        "type": "Point",
        "coordinates": [
          39.1269627,
          51.6662338
        ]
      },
      "properties": {
        "name": "Управление ГИБДД",
        "is_terminal": false,
        "routes": [
          "15",
          "с76"
        ],
        "route_count": 2
      }
    },
    {
      "type": "Feature",
      "geometry": {
        "type": "Point",
        "coordinates": [
          39.2686585,
          51.6653871
        ]
      },
      "properties": {
        "name": "Усманский переулок",
        "is_terminal": false,
        "routes": [
          "13",
          "36",
          "38",
          "41",
          "43",
          "6",
          "63",
          "65",
          "8"
        ],
        "route_count": 9
      }
    },
    {
      "type": "Feature",
      "geometry": {
        "type": "Point",
        "coordinates": [
          39.2679879,
          51.6654819
        ]
      },
      "properties": {
        "name": "Усманский переулок",
        "is_terminal": false,
        "routes": [
          "13",
          "36",
          "38",
          "41",
          "43",
          "6",
          "63",
          "65",
          "8"
        ],
        "route_count": 9
      }
    },
    {
      "type": "Feature",
      "geometry": {
        "type": "Point",
        "coordinates": [
          39.2159611,
          51.6836037
        ]
      },
      "properties": {
        "name": "Фабрика «Работница»",
        "is_terminal": true,
        "routes": [
          "10",
          "12",
          "18",
          "1кс",
          "26",
          "3",
          "38",
          "50",
          "66",
          "70",
          "71",
          "88",
          "9",
          "б/н (ТЦ «ЦДМ» - Улица Димитрова)"
        ],
        "route_count": 14
      }
    },
    {
      "type": "Feature",
      "geometry": {
        "type": "Point",
        "coordinates": [
          39.2160255,
          51.6842955
        ]
      },
      "properties": {
        "name": "Фабрика «Работница»",
        "is_terminal": false,
        "routes": [
          "10",
          "12",
          "18",
          "1кв",
          "26",
          "3",
          "38",
          "50",
          "66",
          "70",
          "71",
          "88",
          "9"
        ],
        "route_count": 13
      }
    },
    {
      "type": "Feature",
      "geometry": {
        "type": "Point",
        "coordinates": [
          39.1229957,
          51.6884144
        ]
      },
      "properties": {
        "name": "Фигурная роща",
        "is_terminal": false,
        "routes": [
          "15",
          "54",
          "57",
          "58",
          "82"
        ],
        "route_count": 5
      }
    },
    {
      "type": "Feature",
      "geometry": {
        "type": "Point",
        "coordinates": [
          39.1225934,
          51.6883728
        ]
      },
      "properties": {
        "name": "Фигурная роща",
        "is_terminal": false,
        "routes": [
          "15",
          "54",
          "57",
          "58",
          "82"
        ],
        "route_count": 5
      }
    },
    {
      "type": "Feature",
      "geometry": {
        "type": "Point",
        "coordinates": [
          39.125281,
          51.686123
        ]
      },
      "properties": {
        "name": "Филиал Стоматологической поликлиники № 6",
        "is_terminal": true,
        "routes": [
          "16",
          "35",
          "38",
          "45",
          "63",
          "67",
          "74"
        ],
        "route_count": 7
      }
    },
    {
      "type": "Feature",
      "geometry": {
        "type": "Point",
        "coordinates": [
          39.1246077,
          51.6860498
        ]
      },
      "properties": {
        "name": "Филиал Стоматологической поликлиники № 6",
        "is_terminal": true,
        "routes": [
          "16",
          "35",
          "38",
          "45",
          "63",
          "74"
        ],
        "route_count": 6
      }
    },
    {
      "type": "Feature",
      "geometry": {
        "type": "Point",
        "coordinates": [
          39.1194713,
          51.5729005
        ]
      },
      "properties": {
        "name": "Филиал поликлиники № 7 (микрорайон Шилово)",
        "is_terminal": true,
        "routes": [
          "21"
        ],
        "route_count": 1
      }
    },
    {
      "type": "Feature",
      "geometry": {
        "type": "Point",
        "coordinates": [
          39.1184789,
          51.5728304
        ]
      },
      "properties": {
        "name": "Филиал поликлиники № 7 (микрорайон Шилово)",
        "is_terminal": true,
        "routes": [
          "21"
        ],
        "route_count": 1
      }
    },
    {
      "type": "Feature",
      "geometry": {
        "type": "Point",
        "coordinates": [
          39.1576633,
          51.5804249
        ]
      },
      "properties": {
        "name": "Химический завод",
        "is_terminal": false,
        "routes": [
          "21",
          "24",
          "83",
          "92"
        ],
        "route_count": 4
      }
    },
    {
      "type": "Feature",
      "geometry": {
        "type": "Point",
        "coordinates": [
          39.1568157,
          51.5801632
        ]
      },
      "properties": {
        "name": "Химический завод",
        "is_terminal": false,
        "routes": [
          "21",
          "23",
          "83",
          "92"
        ],
        "route_count": 4
      }
    },
    {
      "type": "Feature",
      "geometry": {
        "type": "Point",
        "coordinates": [
          39.2947349,
          51.7199069
        ]
      },
      "properties": {
        "name": "Химоптторг",
        "is_terminal": false,
        "routes": [
          "47"
        ],
        "route_count": 1
      }
    },
    {
      "type": "Feature",
      "geometry": {
        "type": "Point",
        "coordinates": [
          39.2950246,
          51.7204984
        ]
      },
      "properties": {
        "name": "Химоптторг",
        "is_terminal": false,
        "routes": [
          "47"
        ],
        "route_count": 1
      }
    },
    {
      "type": "Feature",
      "geometry": {
        "type": "Point",
        "coordinates": [
          39.2756805,
          51.6345991
        ]
      },
      "properties": {
        "name": "Хладокомбинат № 4",
        "is_terminal": false,
        "routes": [
          "36",
          "41",
          "43",
          "6",
          "65",
          "8",
          "86"
        ],
        "route_count": 7
      }
    },
    {
      "type": "Feature",
      "geometry": {
        "type": "Point",
        "coordinates": [
          39.2743179,
          51.6347889
        ]
      },
      "properties": {
        "name": "Хладокомбинат № 4",
        "is_terminal": false,
        "routes": [
          "36",
          "41",
          "43",
          "6",
          "65",
          "8",
          "86"
        ],
        "route_count": 7
      }
    },
    {
      "type": "Feature",
      "geometry": {
        "type": "Point",
        "coordinates": [
          39.12074,
          51.6716004
        ]
      },
      "properties": {
        "name": "Хозторг, ярмарка строительных материалов",
        "is_terminal": false,
        "routes": [
          "15",
          "с76"
        ],
        "route_count": 2
      }
    },
    {
      "type": "Feature",
      "geometry": {
        "type": "Point",
        "coordinates": [
          39.120681,
          51.6712377
        ]
      },
      "properties": {
        "name": "Хозторг, ярмарка строительных материалов",
        "is_terminal": false,
        "routes": [
          "15",
          "с76"
        ],
        "route_count": 2
      }
    },
    {
      "type": "Feature",
      "geometry": {
        "type": "Point",
        "coordinates": [
          39.262948,
          51.6680072
        ]
      },
      "properties": {
        "name": "Хопёрский переулок",
        "is_terminal": false,
        "routes": [
          "13",
          "36",
          "38",
          "41",
          "43",
          "6",
          "63",
          "65",
          "8"
        ],
        "route_count": 9
      }
    },
    {
      "type": "Feature",
      "geometry": {
        "type": "Point",
        "coordinates": [
          39.2633933,
          51.667598
        ]
      },
      "properties": {
        "name": "Хопёрский переулок",
        "is_terminal": false,
        "routes": [
          "13",
          "36",
          "38",
          "41",
          "43",
          "6",
          "63",
          "65",
          "8"
        ],
        "route_count": 9
      }
    },
    {
      "type": "Feature",
      "geometry": {
        "type": "Point",
        "coordinates": [
          39.1714874,
          51.715746
        ]
      },
      "properties": {
        "name": "Храм",
        "is_terminal": false,
        "routes": [
          "15",
          "18",
          "27",
          "54",
          "57",
          "58",
          "82"
        ],
        "route_count": 7
      }
    },
    {
      "type": "Feature",
      "geometry": {
        "type": "Point",
        "coordinates": [
          39.1728473,
          51.7179644
        ]
      },
      "properties": {
        "name": "Храм",
        "is_terminal": false,
        "routes": [
          "18",
          "54",
          "57",
          "58"
        ],
        "route_count": 4
      }
    },
    {
      "type": "Feature",
      "geometry": {
        "type": "Point",
        "coordinates": [
          39.3107101,
          51.5772562
        ]
      },
      "properties": {
        "name": "Хуторской переулок",
        "is_terminal": false,
        "routes": [
          "78"
        ],
        "route_count": 1
      }
    },
    {
      "type": "Feature",
      "geometry": {
        "type": "Point",
        "coordinates": [
          39.3099913,
          51.5772662
        ]
      },
      "properties": {
        "name": "Хуторской переулок",
        "is_terminal": false,
        "routes": [
          "78"
        ],
        "route_count": 1
      }
    },
    {
      "type": "Feature",
      "geometry": {
        "type": "Point",
        "coordinates": [
          39.1997525,
          51.6827722
        ]
      },
      "properties": {
        "name": "ЦДМ",
        "is_terminal": true,
        "routes": [
          "б/н (ТД \"ЦДМ\" - Областная больница)",
          "б/н (ТЦ «ЦДМ» - Улица Димитрова)"
        ],
        "route_count": 2
      }
    },
    {
      "type": "Feature",
      "geometry": {
        "type": "Point",
        "coordinates": [
          39.2913741,
          51.7364157
        ]
      },
      "properties": {
        "name": "Центр реабилитации",
        "is_terminal": false,
        "routes": [
          "10",
          "22",
          "43",
          "52",
          "60"
        ],
        "route_count": 5
      }
    },
    {
      "type": "Feature",
      "geometry": {
        "type": "Point",
        "coordinates": [
          39.2912346,
          51.7362479
        ]
      },
      "properties": {
        "name": "Центр реабилитации",
        "is_terminal": false,
        "routes": [
          "60"
        ],
        "route_count": 1
      }
    },
    {
      "type": "Feature",
      "geometry": {
        "type": "Point",
        "coordinates": [
          39.1833669,
          51.6927142
        ]
      },
      "properties": {
        "name": "Центральный автовокзал",
        "is_terminal": false,
        "routes": [
          "25",
          "27",
          "35",
          "37",
          "41",
          "45",
          "49",
          "5",
          "63",
          "69",
          "7",
          "77",
          "80",
          "9",
          "90",
          "94",
          "95",
          "97",
          "99",
          "б/н (ТД \"ЦДМ\" - Областная больница)"
        ],
        "route_count": 20
      }
    },
    {
      "type": "Feature",
      "geometry": {
        "type": "Point",
        "coordinates": [
          39.1830182,
          51.6926826
        ]
      },
      "properties": {
        "name": "Центральный автовокзал",
        "is_terminal": false,
        "routes": [
          "25",
          "27",
          "35",
          "37",
          "41",
          "45",
          "49",
          "5",
          "63",
          "67",
          "69",
          "7",
          "77",
          "80",
          "9",
          "90",
          "94",
          "95",
          "97",
          "99",
          "б/н (ТД \"ЦДМ\" - Областная больница)"
        ],
        "route_count": 21
      }
    },
    {
      "type": "Feature",
      "geometry": {
        "type": "Point",
        "coordinates": [
          39.0923622,
          51.6417072
        ]
      },
      "properties": {
        "name": "Центральный бульвар",
        "is_terminal": false,
        "routes": [
          "24",
          "6"
        ],
        "route_count": 2
      }
    },
    {
      "type": "Feature",
      "geometry": {
        "type": "Point",
        "coordinates": [
          39.0923756,
          51.641569
        ]
      },
      "properties": {
        "name": "Центральный бульвар",
        "is_terminal": false,
        "routes": [
          "23",
          "6"
        ],
        "route_count": 2
      }
    },
    {
      "type": "Feature",
      "geometry": {
        "type": "Point",
        "coordinates": [
          39.1970354,
          51.6616786
        ]
      },
      "properties": {
        "name": "Центральный рынок",
        "is_terminal": true,
        "routes": [
          "61"
        ],
        "route_count": 1
      }
    },
    {
      "type": "Feature",
      "geometry": {
        "type": "Point",
        "coordinates": [
          39.1883772,
          51.6547112
        ]
      },
      "properties": {
        "name": "Цирк",
        "is_terminal": false,
        "routes": [
          "1кв",
          "25",
          "26",
          "30",
          "35",
          "36",
          "49",
          "72",
          "81",
          "86",
          "87"
        ],
        "route_count": 11
      }
    },
    {
      "type": "Feature",
      "geometry": {
        "type": "Point",
        "coordinates": [
          39.185518,
          51.6544949
        ]
      },
      "properties": {
        "name": "Цирк",
        "is_terminal": true,
        "routes": [
          "21",
          "24",
          "3",
          "5",
          "51",
          "80",
          "83",
          "92",
          "с93"
        ],
        "route_count": 9
      }
    },
    {
      "type": "Feature",
      "geometry": {
        "type": "Point",
        "coordinates": [
          39.1854751,
          51.6552843
        ]
      },
      "properties": {
        "name": "Цирк",
        "is_terminal": true,
        "routes": [
          "21",
          "23",
          "3",
          "37",
          "50",
          "51",
          "72",
          "80",
          "83",
          "92",
          "с93"
        ],
        "route_count": 11
      }
    },
    {
      "type": "Feature",
      "geometry": {
        "type": "Point",
        "coordinates": [
          39.2199737,
          51.6693231
        ]
      },
      "properties": {
        "name": "Чернавский мост",
        "is_terminal": false,
        "routes": [
          "20",
          "21",
          "32",
          "41",
          "52",
          "59",
          "6",
          "60",
          "63",
          "8",
          "90",
          "97",
          "б/н (ТЦ «ЦДМ» - Улица Димитрова)"
        ],
        "route_count": 13
      }
    },
    {
      "type": "Feature",
      "geometry": {
        "type": "Point",
        "coordinates": [
          39.2203411,
          51.6685296
        ]
      },
      "properties": {
        "name": "Чернавский мост",
        "is_terminal": false,
        "routes": [
          "20",
          "21",
          "32",
          "41",
          "52",
          "59",
          "6",
          "60",
          "63",
          "8",
          "90",
          "97"
        ],
        "route_count": 12
      }
    },
    {
      "type": "Feature",
      "geometry": {
        "type": "Point",
        "coordinates": [
          39.221068,
          51.6665483
        ]
      },
      "properties": {
        "name": "Чернавский мост",
        "is_terminal": false,
        "routes": [
          "30"
        ],
        "route_count": 1
      }
    },
    {
      "type": "Feature",
      "geometry": {
        "type": "Point",
        "coordinates": [
          39.2220524,
          51.6671854
        ]
      },
      "properties": {
        "name": "Чернавский мост",
        "is_terminal": true,
        "routes": [
          "«Москва-180»",
          "б/н (Чернавский мост - Чернавский мост)"
        ],
        "route_count": 2
      }
    },
    {
      "type": "Feature",
      "geometry": {
        "type": "Point",
        "coordinates": [
          39.2220443,
          51.6671422
        ]
      },
      "properties": {
        "name": "Чернавский мост",
        "is_terminal": true,
        "routes": [
          "«Москва-180»"
        ],
        "route_count": 1
      }
    },
    {
      "type": "Feature",
      "geometry": {
        "type": "Point",
        "coordinates": [
          39.2050552,
          51.6402107
        ]
      },
      "properties": {
        "name": "Чижовский плацдарм",
        "is_terminal": false,
        "routes": [
          "1кс",
          "25",
          "26",
          "35",
          "36",
          "49",
          "72",
          "81",
          "86",
          "87"
        ],
        "route_count": 10
      }
    },
    {
      "type": "Feature",
      "geometry": {
        "type": "Point",
        "coordinates": [
          39.204095,
          51.6407234
        ]
      },
      "properties": {
        "name": "Чижовский плацдарм",
        "is_terminal": false,
        "routes": [
          "1кв",
          "25",
          "26",
          "30",
          "35",
          "36",
          "49",
          "72",
          "81",
          "86",
          "87"
        ],
        "route_count": 11
      }
    },
    {
      "type": "Feature",
      "geometry": {
        "type": "Point",
        "coordinates": [
          39.0650439,
          51.6203014
        ]
      },
      "properties": {
        "name": "Чуйская улица",
        "is_terminal": false,
        "routes": [
          "24",
          "55",
          "6"
        ],
        "route_count": 3
      }
    },
    {
      "type": "Feature",
      "geometry": {
        "type": "Point",
        "coordinates": [
          39.0644699,
          51.6196503
        ]
      },
      "properties": {
        "name": "Чуйская улица",
        "is_terminal": false,
        "routes": [
          "23",
          "55",
          "6"
        ],
        "route_count": 3
      }
    },
    {
      "type": "Feature",
      "geometry": {
        "type": "Point",
        "coordinates": [
          39.243958,
          51.6043933
        ]
      },
      "properties": {
        "name": "Шинный завод Pirelli",
        "is_terminal": false,
        "routes": [
          "26",
          "65",
          "81",
          "86",
          "87"
        ],
        "route_count": 5
      }
    },
    {
      "type": "Feature",
      "geometry": {
        "type": "Point",
        "coordinates": [
          39.2436469,
          51.6039835
        ]
      },
      "properties": {
        "name": "Шинный завод Pirelli",
        "is_terminal": false,
        "routes": [
          "26",
          "65",
          "81",
          "86",
          "87"
        ],
        "route_count": 5
      }
    },
    {
      "type": "Feature",
      "geometry": {
        "type": "Point",
        "coordinates": [
          39.1219094,
          51.6858919
        ]
      },
      "properties": {
        "name": "Шиномонтаж",
        "is_terminal": false,
        "routes": [
          "54",
          "57",
          "58"
        ],
        "route_count": 3
      }
    },
    {
      "type": "Feature",
      "geometry": {
        "type": "Point",
        "coordinates": [
          39.1832328,
          51.6330159
        ]
      },
      "properties": {
        "name": "Школа",
        "is_terminal": false,
        "routes": [
          "5",
          "80"
        ],
        "route_count": 2
      }
    },
    {
      "type": "Feature",
      "geometry": {
        "type": "Point",
        "coordinates": [
          39.1837263,
          51.6332273
        ]
      },
      "properties": {
        "name": "Школа",
        "is_terminal": false,
        "routes": [
          "5",
          "80"
        ],
        "route_count": 2
      }
    },
    {
      "type": "Feature",
      "geometry": {
        "type": "Point",
        "coordinates": [
          39.0867189,
          51.6821718
        ]
      },
      "properties": {
        "name": "Школа",
        "is_terminal": false,
        "routes": [
          "17",
          "60",
          "61",
          "8",
          "82"
        ],
        "route_count": 5
      }
    },
    {
      "type": "Feature",
      "geometry": {
        "type": "Point",
        "coordinates": [
          39.086059,
          51.6821984
        ]
      },
      "properties": {
        "name": "Школа",
        "is_terminal": false,
        "routes": [
          "17",
          "60",
          "61",
          "8",
          "82"
        ],
        "route_count": 5
      }
    },
    {
      "type": "Feature",
      "geometry": {
        "type": "Point",
        "coordinates": [
          39.1517544,
          51.6684797
        ]
      },
      "properties": {
        "name": "Школа",
        "is_terminal": false,
        "routes": [
          "17",
          "66"
        ],
        "route_count": 2
      }
    },
    {
      "type": "Feature",
      "geometry": {
        "type": "Point",
        "coordinates": [
          39.1519529,
          51.6685861
        ]
      },
      "properties": {
        "name": "Школа",
        "is_terminal": false,
        "routes": [
          "17",
          "66"
        ],
        "route_count": 2
      }
    },
    {
      "type": "Feature",
      "geometry": {
        "type": "Point",
        "coordinates": [
          39.0614605,
          51.5575961
        ]
      },
      "properties": {
        "name": "Школа",
        "is_terminal": false,
        "routes": [
          "23"
        ],
        "route_count": 1
      }
    },
    {
      "type": "Feature",
      "geometry": {
        "type": "Point",
        "coordinates": [
          39.0618052,
          51.5570366
        ]
      },
      "properties": {
        "name": "Школа",
        "is_terminal": false,
        "routes": [
          "24"
        ],
        "route_count": 1
      }
    },
    {
      "type": "Feature",
      "geometry": {
        "type": "Point",
        "coordinates": [
          39.2439419,
          51.6211873
        ]
      },
      "properties": {
        "name": "Школа",
        "is_terminal": false,
        "routes": [
          "26",
          "65",
          "81",
          "87"
        ],
        "route_count": 4
      }
    },
    {
      "type": "Feature",
      "geometry": {
        "type": "Point",
        "coordinates": [
          39.2427814,
          51.6212914
        ]
      },
      "properties": {
        "name": "Школа",
        "is_terminal": false,
        "routes": [
          "26",
          "65",
          "81",
          "87"
        ],
        "route_count": 4
      }
    },
    {
      "type": "Feature",
      "geometry": {
        "type": "Point",
        "coordinates": [
          39.1704869,
          51.6475809
        ]
      },
      "properties": {
        "name": "Школа",
        "is_terminal": false,
        "routes": [
          "37",
          "50",
          "72"
        ],
        "route_count": 3
      }
    },
    {
      "type": "Feature",
      "geometry": {
        "type": "Point",
        "coordinates": [
          39.1706318,
          51.6478738
        ]
      },
      "properties": {
        "name": "Школа",
        "is_terminal": false,
        "routes": [
          "37",
          "50",
          "72"
        ],
        "route_count": 3
      }
    },
    {
      "type": "Feature",
      "geometry": {
        "type": "Point",
        "coordinates": [
          39.1461995,
          51.5200028
        ]
      },
      "properties": {
        "name": "Школа",
        "is_terminal": false,
        "routes": [
          "48",
          "79",
          "92"
        ],
        "route_count": 3
      }
    },
    {
      "type": "Feature",
      "geometry": {
        "type": "Point",
        "coordinates": [
          39.1463229,
          51.5199995
        ]
      },
      "properties": {
        "name": "Школа",
        "is_terminal": false,
        "routes": [
          "48",
          "79",
          "92"
        ],
        "route_count": 3
      }
    },
    {
      "type": "Feature",
      "geometry": {
        "type": "Point",
        "coordinates": [
          39.2604616,
          51.6902651
        ]
      },
      "properties": {
        "name": "Школа",
        "is_terminal": false,
        "routes": [
          "66"
        ],
        "route_count": 1
      }
    },
    {
      "type": "Feature",
      "geometry": {
        "type": "Point",
        "coordinates": [
          39.2740551,
          51.7004612
        ]
      },
      "properties": {
        "name": "Школа (Северо-Восточный район)",
        "is_terminal": true,
        "routes": [
          "10",
          "12",
          "14",
          "21",
          "22",
          "43",
          "47",
          "52",
          "60",
          "66",
          "88",
          "90"
        ],
        "route_count": 12
      }
    },
    {
      "type": "Feature",
      "geometry": {
        "type": "Point",
        "coordinates": [
          39.2739183,
          51.7008006
        ]
      },
      "properties": {
        "name": "Школа (Северо-Восточный район)",
        "is_terminal": false,
        "routes": [
          "10",
          "12",
          "14",
          "22",
          "43",
          "47",
          "52",
          "60",
          "88",
          "90"
        ],
        "route_count": 10
      }
    },
    {
      "type": "Feature",
      "geometry": {
        "type": "Point",
        "coordinates": [
          39.2730305,
          51.7005429
        ]
      },
      "properties": {
        "name": "Школа (Северо-Восточный район)",
        "is_terminal": true,
        "routes": [
          "21",
          "66"
        ],
        "route_count": 2
      }
    },
    {
      "type": "Feature",
      "geometry": {
        "type": "Point",
        "coordinates": [
          39.2438587,
          51.5938727
        ]
      },
      "properties": {
        "name": "Школа искусств № 9",
        "is_terminal": false,
        "routes": [
          "14",
          "26",
          "81",
          "87"
        ],
        "route_count": 4
      }
    },
    {
      "type": "Feature",
      "geometry": {
        "type": "Point",
        "coordinates": [
          39.3217937,
          51.6844941
        ]
      },
      "properties": {
        "name": "Школа № 100",
        "is_terminal": true,
        "routes": [
          "б/н (Микрорайон Электроника - Школа № 100)",
          "б/н (Школа № 100 - Малая Заячья Поляна)",
          "б/н (Школа № 100 - Тверская улица)"
        ],
        "route_count": 3
      }
    },
    {
      "type": "Feature",
      "geometry": {
        "type": "Point",
        "coordinates": [
          39.1212389,
          51.5648279
        ]
      },
      "properties": {
        "name": "Школа № 103",
        "is_terminal": false,
        "routes": [
          "21",
          "23",
          "83",
          "92"
        ],
        "route_count": 4
      }
    },
    {
      "type": "Feature",
      "geometry": {
        "type": "Point",
        "coordinates": [
          39.1221669,
          51.5649063
        ]
      },
      "properties": {
        "name": "Школа № 103",
        "is_terminal": false,
        "routes": [
          "21",
          "24",
          "83",
          "92"
        ],
        "route_count": 4
      }
    },
    {
      "type": "Feature",
      "geometry": {
        "type": "Point",
        "coordinates": [
          39.2956927,
          51.6320869
        ]
      },
      "properties": {
        "name": "Школа № 104",
        "is_terminal": true,
        "routes": [
          "б/н (Микрорайон Нефтебаза - Школа № 104)"
        ],
        "route_count": 1
      }
    },
    {
      "type": "Feature",
      "geometry": {
        "type": "Point",
        "coordinates": [
          39.1999161,
          51.7134254
        ]
      },
      "properties": {
        "name": "Школа № 106",
        "is_terminal": false,
        "routes": [
          "69"
        ],
        "route_count": 1
      }
    },
    {
      "type": "Feature",
      "geometry": {
        "type": "Point",
        "coordinates": [
          39.19898,
          51.7134537
        ]
      },
      "properties": {
        "name": "Школа № 106",
        "is_terminal": false,
        "routes": [
          "69"
        ],
        "route_count": 1
      }
    },
    {
      "type": "Feature",
      "geometry": {
        "type": "Point",
        "coordinates": [
          39.2775916,
          51.6746365
        ]
      },
      "properties": {
        "name": "Школа № 107",
        "is_terminal": false,
        "routes": [
          "32"
        ],
        "route_count": 1
      }
    },
    {
      "type": "Feature",
      "geometry": {
        "type": "Point",
        "coordinates": [
          39.2760587,
          51.6748672
        ]
      },
      "properties": {
        "name": "Школа № 107",
        "is_terminal": true,
        "routes": [
          "32",
          "б/н (Школа № 107 - микрорайон Электроника)"
        ],
        "route_count": 2
      }
    },
    {
      "type": "Feature",
      "geometry": {
        "type": "Point",
        "coordinates": [
          39.1917059,
          51.6873054
        ]
      },
      "properties": {
        "name": "Школа № 18",
        "is_terminal": false,
        "routes": [
          "55"
        ],
        "route_count": 1
      }
    },
    {
      "type": "Feature",
      "geometry": {
        "type": "Point",
        "coordinates": [
          39.1922504,
          51.687182
        ]
      },
      "properties": {
        "name": "Школа № 18",
        "is_terminal": false,
        "routes": [
          "55"
        ],
        "route_count": 1
      }
    },
    {
      "type": "Feature",
      "geometry": {
        "type": "Point",
        "coordinates": [
          39.2287133,
          51.7132913
        ]
      },
      "properties": {
        "name": "Школа № 20",
        "is_terminal": true,
        "routes": [
          "б/н (Школа № 20 - Санаторий имени Горького)"
        ],
        "route_count": 1
      }
    },
    {
      "type": "Feature",
      "geometry": {
        "type": "Point",
        "coordinates": [
          39.1684256,
          51.7294969
        ]
      },
      "properties": {
        "name": "Школа № 46",
        "is_terminal": false,
        "routes": [
          "18",
          "44"
        ],
        "route_count": 2
      }
    },
    {
      "type": "Feature",
      "geometry": {
        "type": "Point",
        "coordinates": [
          39.1690386,
          51.7297561
        ]
      },
      "properties": {
        "name": "Школа № 46",
        "is_terminal": false,
        "routes": [
          "18",
          "44"
        ],
        "route_count": 2
      }
    },
    {
      "type": "Feature",
      "geometry": {
        "type": "Point",
        "coordinates": [
          39.279162,
          51.6638348
        ]
      },
      "properties": {
        "name": "Школа № 54",
        "is_terminal": true,
        "routes": [
          "б/н (Микрорайон Нефтебаза - Школа № 54)"
        ],
        "route_count": 1
      }
    },
    {
      "type": "Feature",
      "geometry": {
        "type": "Point",
        "coordinates": [
          39.3597972,
          51.7368359
        ]
      },
      "properties": {
        "name": "Школа № 56",
        "is_terminal": true,
        "routes": [
          "б/н (Школа № 56 - Дубовка)"
        ],
        "route_count": 1
      }
    },
    {
      "type": "Feature",
      "geometry": {
        "type": "Point",
        "coordinates": [
          39.3326318,
          51.7479599
        ]
      },
      "properties": {
        "name": "Школа № 64",
        "is_terminal": false,
        "routes": [
          "60"
        ],
        "route_count": 1
      }
    },
    {
      "type": "Feature",
      "geometry": {
        "type": "Point",
        "coordinates": [
          39.2651909,
          51.687749
        ]
      },
      "properties": {
        "name": "Школа № 74",
        "is_terminal": true,
        "routes": [
          "б/н (Микрорайон Электроника - Школа № 74)"
        ],
        "route_count": 1
      }
    },
    {
      "type": "Feature",
      "geometry": {
        "type": "Point",
        "coordinates": [
          39.2620359,
          51.6306372
        ]
      },
      "properties": {
        "name": "Школа № 91",
        "is_terminal": true,
        "routes": [
          "б/н (Школа № 91 - микрорайон Нефтебаза)",
          "б/н (Школа № 91 - микрорайон Озерки)"
        ],
        "route_count": 2
      }
    },
    {
      "type": "Feature",
      "geometry": {
        "type": "Point",
        "coordinates": [
          39.0935102,
          51.5488637
        ]
      },
      "properties": {
        "name": "Школа № 92",
        "is_terminal": true,
        "routes": [
          "Заказной (Фрунзе - Шилово)",
          "б/н (Школа № 92 - Улица Курчатова)"
        ],
        "route_count": 2
      }
    },
    {
      "type": "Feature",
      "geometry": {
        "type": "Point",
        "coordinates": [
          39.1633871,
          51.7165636
        ]
      },
      "properties": {
        "name": "Школа № 95 (17 квартал СЖР)",
        "is_terminal": true,
        "routes": [
          "15",
          "18",
          "27",
          "54",
          "57",
          "58",
          "82"
        ],
        "route_count": 7
      }
    },
    {
      "type": "Feature",
      "geometry": {
        "type": "Point",
        "coordinates": [
          39.1627783,
          51.7166649
        ]
      },
      "properties": {
        "name": "Школа № 95 (17 квартал СЖР)",
        "is_terminal": true,
        "routes": [
          "18",
          "54",
          "57",
          "58"
        ],
        "route_count": 4
      }
    },
    {
      "type": "Feature",
      "geometry": {
        "type": "Point",
        "coordinates": [
          39.0567586,
          51.5615948
        ]
      },
      "properties": {
        "name": "Школьная улица",
        "is_terminal": false,
        "routes": [
          "23"
        ],
        "route_count": 1
      }
    },
    {
      "type": "Feature",
      "geometry": {
        "type": "Point",
        "coordinates": [
          39.0564474,
          51.5616098
        ]
      },
      "properties": {
        "name": "Школьная улица",
        "is_terminal": false,
        "routes": [
          "24"
        ],
        "route_count": 1
      }
    },
    {
      "type": "Feature",
      "geometry": {
        "type": "Point",
        "coordinates": [
          39.2237234,
          51.7138515
        ]
      },
      "properties": {
        "name": "Экспоцентр",
        "is_terminal": true,
        "routes": [
          "16",
          "234 (Воронеж - Солнечный)",
          "3",
          "47",
          "50",
          "71",
          "9",
          "б/н (Экспоцентр - Санаторий имени Горького)"
        ],
        "route_count": 8
      }
    },
    {
      "type": "Feature",
      "geometry": {
        "type": "Point",
        "coordinates": [
          39.1659325,
          51.6814368
        ]
      },
      "properties": {
        "name": "Электроагрегат",
        "is_terminal": false,
        "routes": [
          "57",
          "66"
        ],
        "route_count": 2
      }
    },
    {
      "type": "Feature",
      "geometry": {
        "type": "Point",
        "coordinates": [
          39.1184655,
          51.6733369
        ]
      },
      "properties": {
        "name": "Юго-Западное кладбище",
        "is_terminal": false,
        "routes": [
          "15",
          "с76"
        ],
        "route_count": 2
      }
    },
    {
      "type": "Feature",
      "geometry": {
        "type": "Point",
        "coordinates": [
          39.1180122,
          51.6731955
        ]
      },
      "properties": {
        "name": "Юго-Западное кладбище",
        "is_terminal": false,
        "routes": [
          "15",
          "с76"
        ],
        "route_count": 2
      }
    },
    {
      "type": "Feature",
      "geometry": {
        "type": "Point",
        "coordinates": [
          39.1409478,
          51.6448484
        ]
      },
      "properties": {
        "name": "Юго-Западный рынок",
        "is_terminal": true,
        "routes": [
          "15",
          "17",
          "27",
          "37",
          "50",
          "55",
          "6",
          "80",
          "81",
          "85",
          "87",
          "б/н (Юго-Западный рынок - Максидом)",
          "б/н (Юго-Западный рынок - Ярмарка \"На Окружной\")",
          "с76"
        ],
        "route_count": 14
      }
    },
    {
      "type": "Feature",
      "geometry": {
        "type": "Point",
        "coordinates": [
          39.141216,
          51.6455271
        ]
      },
      "properties": {
        "name": "Юго-Западный рынок",
        "is_terminal": true,
        "routes": [
          "12",
          "54",
          "85"
        ],
        "route_count": 3
      }
    },
    {
      "type": "Feature",
      "geometry": {
        "type": "Point",
        "coordinates": [
          39.1400653,
          51.6460131
        ]
      },
      "properties": {
        "name": "Юго-Западный рынок",
        "is_terminal": true,
        "routes": [
          "17"
        ],
        "route_count": 1
      }
    },
    {
      "type": "Feature",
      "geometry": {
        "type": "Point",
        "coordinates": [
          39.1407949,
          51.6456985
        ]
      },
      "properties": {
        "name": "Юго-Западный рынок",
        "is_terminal": false,
        "routes": [
          "37",
          "50"
        ],
        "route_count": 2
      }
    },
    {
      "type": "Feature",
      "geometry": {
        "type": "Point",
        "coordinates": [
          39.1404703,
          51.64584
        ]
      },
      "properties": {
        "name": "Юго-Западный рынок",
        "is_terminal": true,
        "routes": [
          "66",
          "72"
        ],
        "route_count": 2
      }
    },
    {
      "type": "Feature",
      "geometry": {
        "type": "Point",
        "coordinates": [
          39.1388744,
          51.6553192
        ]
      },
      "properties": {
        "name": "Южно-Моравская улица",
        "is_terminal": false,
        "routes": [
          "10",
          "33",
          "36",
          "71",
          "77"
        ],
        "route_count": 5
      }
    },
    {
      "type": "Feature",
      "geometry": {
        "type": "Point",
        "coordinates": [
          39.13973,
          51.6560613
        ]
      },
      "properties": {
        "name": "Южно-Моравская улица",
        "is_terminal": false,
        "routes": [
          "10",
          "33",
          "36",
          "77"
        ],
        "route_count": 4
      }
    },
    {
      "type": "Feature",
      "geometry": {
        "type": "Point",
        "coordinates": [
          39.2367536,
          51.6191557
        ]
      },
      "properties": {
        "name": "Южный парк",
        "is_terminal": false,
        "routes": [
          "14",
          "16",
          "22",
          "49",
          "86"
        ],
        "route_count": 5
      }
    },
    {
      "type": "Feature",
      "geometry": {
        "type": "Point",
        "coordinates": [
          39.2365336,
          51.6189025
        ]
      },
      "properties": {
        "name": "Южный парк",
        "is_terminal": false,
        "routes": [
          "14",
          "16",
          "22",
          "49",
          "86"
        ],
        "route_count": 5
      }
    },
    {
      "type": "Feature",
      "geometry": {
        "type": "Point",
        "coordinates": [
          39.1883719,
          51.7266809
        ]
      },
      "properties": {
        "name": "Яблоневый сад",
        "is_terminal": false,
        "routes": [
          "16",
          "3",
          "47",
          "51",
          "9"
        ],
        "route_count": 5
      }
    },
    {
      "type": "Feature",
      "geometry": {
        "type": "Point",
        "coordinates": [
          39.1883612,
          51.7265015
        ]
      },
      "properties": {
        "name": "Яблоневый сад",
        "is_terminal": false,
        "routes": [
          "16",
          "234 (Воронеж - Солнечный)",
          "3",
          "47",
          "9"
        ],
        "route_count": 5
      }
    },
    {
      "type": "Feature",
      "geometry": {
        "type": "Point",
        "coordinates": [
          39.1244012,
          51.6719497
        ]
      },
      "properties": {
        "name": "Ярмарка",
        "is_terminal": true,
        "routes": [
          "б/н (Юго-Западный рынок - Ярмарка \"На Окружной\")"
        ],
        "route_count": 1
      }
    },
    {
      "type": "Feature",
      "geometry": {
        "type": "Point",
        "coordinates": [
          39.1130581,
          51.6467088
        ]
      },
      "properties": {
        "name": "гипермаркет Максидом",
        "is_terminal": true,
        "routes": [
          "б/н (Юго-Западный рынок - Максидом)"
        ],
        "route_count": 1
      }
    },
    {
      "type": "Feature",
      "geometry": {
        "type": "Point",
        "coordinates": [
          39.2700559,
          51.602156
        ]
      },
      "properties": {
        "name": "№ 1",
        "is_terminal": false,
        "routes": [
          "с68"
        ],
        "route_count": 1
      }
    },
    {
      "type": "Feature",
      "geometry": {
        "type": "Point",
        "coordinates": [
          39.269954,
          51.6022193
        ]
      },
      "properties": {
        "name": "№ 1",
        "is_terminal": false,
        "routes": [
          "с68"
        ],
        "route_count": 1
      }
    },
    {
      "type": "Feature",
      "geometry": {
        "type": "Point",
        "coordinates": [
          39.1778657,
          51.6025941
        ]
      },
      "properties": {
        "name": "№ 1 Ближние сады",
        "is_terminal": false,
        "routes": [
          "21",
          "24",
          "83",
          "85",
          "92",
          "с76",
          "с93"
        ],
        "route_count": 7
      }
    },
    {
      "type": "Feature",
      "geometry": {
        "type": "Point",
        "coordinates": [
          39.1775452,
          51.6020202
        ]
      },
      "properties": {
        "name": "№ 1 Ближние сады",
        "is_terminal": false,
        "routes": [
          "21",
          "23",
          "83",
          "85",
          "92",
          "с76",
          "с93"
        ],
        "route_count": 7
      }
    },
    {
      "type": "Feature",
      "geometry": {
        "type": "Point",
        "coordinates": [
          39.1765031,
          51.5943252
        ]
      },
      "properties": {
        "name": "№ 2 Ближние сады",
        "is_terminal": false,
        "routes": [
          "21",
          "24",
          "83",
          "85",
          "92",
          "с93"
        ],
        "route_count": 6
      }
    },
    {
      "type": "Feature",
      "geometry": {
        "type": "Point",
        "coordinates": [
          39.1762376,
          51.5940136
        ]
      },
      "properties": {
        "name": "№ 2 Ближние сады",
        "is_terminal": false,
        "routes": [
          "21",
          "23",
          "83",
          "85",
          "92",
          "с93"
        ],
        "route_count": 6
      }
    },
    {
      "type": "Feature",
      "geometry": {
        "type": "Point",
        "coordinates": [
          39.1762161,
          51.5943486
        ]
      },
      "properties": {
        "name": "№ 2 Ближние сады",
        "is_terminal": false,
        "routes": [
          "с76"
        ],
        "route_count": 1
      }
    },
    {
      "type": "Feature",
      "geometry": {
        "type": "Point",
        "coordinates": [
          39.17436,
          51.5895345
        ]
      },
      "properties": {
        "name": "№ 3 Ближние сады",
        "is_terminal": false,
        "routes": [
          "21",
          "24",
          "83",
          "85",
          "92",
          "с93"
        ],
        "route_count": 6
      }
    },
    {
      "type": "Feature",
      "geometry": {
        "type": "Point",
        "coordinates": [
          39.1740596,
          51.5892629
        ]
      },
      "properties": {
        "name": "№ 3 Ближние сады",
        "is_terminal": false,
        "routes": [
          "21",
          "23",
          "83",
          "85",
          "92",
          "с93"
        ],
        "route_count": 6
      }
    },
    {
      "type": "Feature",
      "geometry": {
        "type": "Point",
        "coordinates": [
          39.1703877,
          51.5858715
        ]
      },
      "properties": {
        "name": "№ 4 Дальние сады",
        "is_terminal": false,
        "routes": [
          "21",
          "24",
          "83",
          "85",
          "92",
          "с93"
        ],
        "route_count": 6
      }
    },
    {
      "type": "Feature",
      "geometry": {
        "type": "Point",
        "coordinates": [
          39.1688615,
          51.5854016
        ]
      },
      "properties": {
        "name": "№ 4 Дальние сады",
        "is_terminal": false,
        "routes": [
          "21",
          "23",
          "83",
          "92"
        ],
        "route_count": 4
      }
    },
    {
      "type": "Feature",
      "geometry": {
        "type": "Point",
        "coordinates": [
          39.1693309,
          51.5858099
        ]
      },
      "properties": {
        "name": "№ 4 Дальние сады",
        "is_terminal": false,
        "routes": [
          "85",
          "с93"
        ],
        "route_count": 2
      }
    },
    {
      "type": "Feature",
      "geometry": {
        "type": "Point",
        "coordinates": [
          39.1643688,
          51.5832816
        ]
      },
      "properties": {
        "name": "№ 5 Дальние сады",
        "is_terminal": false,
        "routes": [
          "21",
          "24",
          "83",
          "92"
        ],
        "route_count": 4
      }
    },
    {
      "type": "Feature",
      "geometry": {
        "type": "Point",
        "coordinates": [
          39.1627192,
          51.5827499
        ]
      },
      "properties": {
        "name": "№ 5 Дальние сады",
        "is_terminal": false,
        "routes": [
          "21",
          "23",
          "83",
          "92"
        ],
        "route_count": 4
      }
    },
    {
      "type": "Feature",
      "geometry": {
        "type": "Point",
        "coordinates": [
          39.1521835,
          51.6074801
        ]
      },
      "properties": {
        "name": "№ 6 Ближние сады",
        "is_terminal": true,
        "routes": [
          "с76"
        ],
        "route_count": 1
      }
    }
  ]
}